[2026/10/04 16:51:43] ppocr INFO: Architecture : 
[2026/10/04 16:51:43] ppocr INFO:     Backbone : 
[2026/10/04 16:51:43] ppocr INFO:         name : PPLCNetV3
[2026/10/04 16:51:43] ppocr INFO:         scale : 0.95
[2026/10/04 16:51:43] ppocr INFO:     Head : 
[2026/10/04 16:51:43] ppocr INFO:         head_list : 
[2026/10/04 16:51:43] ppocr INFO:             CTCHead : 
[2026/10/04 16:51:43] ppocr INFO:                 Head : 
[2026/10/04 16:51:43] ppocr INFO:                     fc_decay : 1e-05
[2026/10/04 16:51:43] ppocr INFO:                 Neck : 
[2026/10/04 16:51:43] ppocr INFO:                     depth : 2
[2026/10/04 16:51:43] ppocr INFO:                     dims : 120
[2026/10/04 16:51:43] ppocr INFO:                     hidden_dims : 120
[2026/10/04 16:51:43] ppocr INFO:                     kernel_size : [1, 3]
[2026/10/04 16:51:43] ppocr INFO:                     name : svtr
[2026/10/04 16:51:43] ppocr INFO:                     use_guide : True
[2026/10/04 16:51:43] ppocr INFO:             NRTRHead : 
[2026/10/04 16:51:43] ppocr INFO:                 max_text_length : 25
[2026/10/04 16:51:43] ppocr INFO:                 nrtr_dim : 384
[2026/10/04 16:51:43] ppocr INFO:         name : MultiHead
[2026/10/04 16:51:43] ppocr INFO:     Transform : None
[2026/10/04 16:51:43] ppocr INFO:     algorithm : SVTR_LCNet
[2026/10/04 16:51:43] ppocr INFO:     model_type : rec
[2026/10/04 16:51:43] ppocr INFO: Eval : 
[2026/10/04 16:51:43] ppocr INFO:     dataset : 
[2026/10/04 16:51:43] ppocr INFO:         data_dir : D:/HocTap/Projects/NCKH-Medicare/dataset/processed/vaipe-ocr-crops
[2026/10/04 16:51:43] ppocr INFO:         label_file_list : ['D:/HocTap/Projects/NCKH-Medicare/dataset/processed/vaipe-ocr-crops/paddleocr/rec_gt_validation.txt']
[2026/10/04 16:51:43] ppocr INFO:         loader : 
[2026/10/04 16:51:43] ppocr INFO:             batch_size_per_card : 64
[2026/10/04 16:51:43] ppocr INFO:             drop_last : False
[2026/10/04 16:51:43] ppocr INFO:             num_workers : 2
[2026/10/04 16:51:43] ppocr INFO:             shuffle : False
[2026/10/04 16:51:43] ppocr INFO:         name : SimpleDataSet
[2026/10/04 16:51:43] ppocr INFO:         transforms : 
[2026/10/04 16:51:43] ppocr INFO:             DecodeImage : 
[2026/10/04 16:51:43] ppocr INFO:                 channel_first : False
[2026/10/04 16:51:43] ppocr INFO:                 img_mode : BGR
[2026/10/04 16:51:43] ppocr INFO:             CTCLabelEncode : None
[2026/10/04 16:51:43] ppocr INFO:             RecResizeImg : 
[2026/10/04 16:51:43] ppocr INFO:                 image_shape : [3, 48, 320]
[2026/10/04 16:51:43] ppocr INFO:             KeepKeys : 
[2026/10/04 16:51:43] ppocr INFO:                 keep_keys : ['image', 'label', 'length', 'valid_ratio']
[2026/10/04 16:51:43] ppocr INFO: Global : 
[2026/10/04 16:51:43] ppocr INFO:     cal_metric_during_train : True
[2026/10/04 16:51:43] ppocr INFO:     character_dict_path : D:/HocTap/Projects/NCKH-Medicare/dataset/processed/vaipe-ocr-crops/paddleocr/fine-tune/vaipe_vietnamese_dict.txt
[2026/10/04 16:51:43] ppocr INFO:     checkpoints : None
[2026/10/04 16:51:43] ppocr INFO:     d2s_train_image_shape : [3, 48, 320]
[2026/10/04 16:51:43] ppocr INFO:     debug : False
[2026/10/04 16:51:43] ppocr INFO:     distributed : False
[2026/10/04 16:51:43] ppocr INFO:     epoch_num : 1
[2026/10/04 16:51:43] ppocr INFO:     eval_batch_step : [0, 500]
[2026/10/04 16:51:43] ppocr INFO:     infer_mode : False
[2026/10/04 16:51:43] ppocr INFO:     log_smooth_window : 20
[2026/10/04 16:51:43] ppocr INFO:     model_name : vaipe_ppocrv5_mobile_rec
[2026/10/04 16:51:43] ppocr INFO:     pretrained_model : D:/HocTap/Projects/NCKH-Medicare/dataset/processed/vaipe-ocr-crops/paddleocr/fine-tune/PP-OCRv5_mobile_rec_pretrained.pdparams
[2026/10/04 16:51:43] ppocr INFO:     print_batch_step : 1
[2026/10/04 16:51:43] ppocr INFO:     save_epoch_step : 1
[2026/10/04 16:51:43] ppocr INFO:     save_model_dir : D:/HocTap/Projects/NCKH-Medicare/dataset/processed/vaipe-ocr-crops/paddleocr/fine-tune/model
[2026/10/04 16:51:43] ppocr INFO:     use_gpu : False
[2026/10/04 16:51:43] ppocr INFO:     use_space_char : True
[2026/10/04 16:51:43] ppocr INFO:     use_visualdl : False
[2026/10/04 16:51:43] ppocr INFO: Loss : 
[2026/10/04 16:51:43] ppocr INFO:     loss_config_list : 
[2026/10/04 16:51:43] ppocr INFO:         CTCLoss : None
[2026/10/04 16:51:43] ppocr INFO:         NRTRLoss : None
[2026/10/04 16:51:43] ppocr INFO:     name : MultiLoss
[2026/10/04 16:51:43] ppocr INFO: Metric : 
[2026/10/04 16:51:43] ppocr INFO:     main_indicator : acc
[2026/10/04 16:51:43] ppocr INFO:     name : RecMetric
[2026/10/04 16:51:43] ppocr INFO: Optimizer : 
[2026/10/04 16:51:43] ppocr INFO:     beta1 : 0.9
[2026/10/04 16:51:43] ppocr INFO:     beta2 : 0.999
[2026/10/04 16:51:43] ppocr INFO:     lr : 
[2026/10/04 16:51:43] ppocr INFO:         learning_rate : 5e-05
[2026/10/04 16:51:43] ppocr INFO:         name : Cosine
[2026/10/04 16:51:43] ppocr INFO:         warmup_epoch : 1
[2026/10/04 16:51:43] ppocr INFO:     name : Adam
[2026/10/04 16:51:43] ppocr INFO:     regularizer : 
[2026/10/04 16:51:43] ppocr INFO:         factor : 3e-05
[2026/10/04 16:51:43] ppocr INFO:         name : L2
[2026/10/04 16:51:43] ppocr INFO: PostProcess : 
[2026/10/04 16:51:43] ppocr INFO:     name : CTCLabelDecode
[2026/10/04 16:51:43] ppocr INFO: Train : 
[2026/10/04 16:51:43] ppocr INFO:     dataset : 
[2026/10/04 16:51:43] ppocr INFO:         data_dir : D:/HocTap/Projects/NCKH-Medicare/dataset/processed/vaipe-ocr-crops
[2026/10/04 16:51:43] ppocr INFO:         label_file_list : ['D:/HocTap/Projects/NCKH-Medicare/dataset/processed/vaipe-ocr-crops/paddleocr/rec_gt_train.txt']
[2026/10/04 16:51:43] ppocr INFO:         name : SimpleDataSet
[2026/10/04 16:51:43] ppocr INFO:         transforms : 
[2026/10/04 16:51:43] ppocr INFO:             DecodeImage : 
[2026/10/04 16:51:43] ppocr INFO:                 channel_first : False
[2026/10/04 16:51:43] ppocr INFO:                 img_mode : BGR
[2026/10/04 16:51:43] ppocr INFO:             CTCLabelEncode : None
[2026/10/04 16:51:43] ppocr INFO:             RecResizeImg : 
[2026/10/04 16:51:43] ppocr INFO:                 image_shape : [3, 48, 320]
[2026/10/04 16:51:43] ppocr INFO:             KeepKeys : 
[2026/10/04 16:51:43] ppocr INFO:                 keep_keys : ['image', 'label', 'length', 'valid_ratio']
[2026/10/04 16:51:43] ppocr INFO:     loader : 
[2026/10/04 16:51:43] ppocr INFO:         batch_size_per_card : 64
[2026/10/04 16:51:43] ppocr INFO:         drop_last : False
[2026/10/04 16:51:43] ppocr INFO:         num_workers : 0
[2026/10/04 16:51:43] ppocr INFO:         shuffle : True
[2026/10/04 16:51:43] ppocr INFO: profiler_options : None
[2026/10/04 16:51:43] ppocr INFO: train with paddle 3.3.1 and device Place(cpu)
[2026/10/04 16:51:43] ppocr INFO: Initialize indexs of datasets:['D:/HocTap/Projects/NCKH-Medicare/dataset/processed/vaipe-ocr-crops/paddleocr/rec_gt_train.txt']
[2026/10/04 16:53:05] ppocr INFO: Architecture : 
[2026/10/04 16:53:05] ppocr INFO:     Backbone : 
[2026/10/04 16:53:05] ppocr INFO:         name : PPLCNetV3
[2026/10/04 16:53:05] ppocr INFO:         scale : 0.95
[2026/10/04 16:53:05] ppocr INFO:     Head : 
[2026/10/04 16:53:05] ppocr INFO:         head_list : 
[2026/10/04 16:53:05] ppocr INFO:             CTCHead : 
[2026/10/04 16:53:05] ppocr INFO:                 Head : 
[2026/10/04 16:53:05] ppocr INFO:                     fc_decay : 1e-05
[2026/10/04 16:53:05] ppocr INFO:                 Neck : 
[2026/10/04 16:53:05] ppocr INFO:                     depth : 2
[2026/10/04 16:53:05] ppocr INFO:                     dims : 120
[2026/10/04 16:53:05] ppocr INFO:                     hidden_dims : 120
[2026/10/04 16:53:05] ppocr INFO:                     kernel_size : [1, 3]
[2026/10/04 16:53:05] ppocr INFO:                     name : svtr
[2026/10/04 16:53:05] ppocr INFO:                     use_guide : True
[2026/10/04 16:53:05] ppocr INFO:             NRTRHead : 
[2026/10/04 16:53:05] ppocr INFO:                 max_text_length : 25
[2026/10/04 16:53:05] ppocr INFO:                 nrtr_dim : 384
[2026/10/04 16:53:05] ppocr INFO:         name : MultiHead
[2026/10/04 16:53:05] ppocr INFO:     Transform : None
[2026/10/04 16:53:05] ppocr INFO:     algorithm : SVTR_LCNet
[2026/10/04 16:53:05] ppocr INFO:     model_type : rec
[2026/10/04 16:53:05] ppocr INFO: Eval : 
[2026/10/04 16:53:05] ppocr INFO:     dataset : 
[2026/10/04 16:53:05] ppocr INFO:         data_dir : D:/HocTap/Projects/NCKH-Medicare/dataset/processed/vaipe-ocr-crops
[2026/10/04 16:53:05] ppocr INFO:         label_file_list : ['D:/HocTap/Projects/NCKH-Medicare/dataset/processed/vaipe-ocr-crops/paddleocr/rec_gt_validation.txt']
[2026/10/04 16:53:05] ppocr INFO:         loader : 
[2026/10/04 16:53:05] ppocr INFO:             batch_size_per_card : 64
[2026/10/04 16:53:05] ppocr INFO:             drop_last : False
[2026/10/04 16:53:05] ppocr INFO:             num_workers : 2
[2026/10/04 16:53:05] ppocr INFO:             shuffle : False
[2026/10/04 16:53:05] ppocr INFO:         name : SimpleDataSet
[2026/10/04 16:53:05] ppocr INFO:         transforms : 
[2026/10/04 16:53:05] ppocr INFO:             DecodeImage : 
[2026/10/04 16:53:05] ppocr INFO:                 channel_first : False
[2026/10/04 16:53:05] ppocr INFO:                 img_mode : BGR
[2026/10/04 16:53:05] ppocr INFO:             CTCLabelEncode : 
[2026/10/04 16:53:05] ppocr INFO:                 max_text_length : 25
[2026/10/04 16:53:05] ppocr INFO:             RecResizeImg : 
[2026/10/04 16:53:05] ppocr INFO:                 image_shape : [3, 48, 320]
[2026/10/04 16:53:05] ppocr INFO:             KeepKeys : 
[2026/10/04 16:53:05] ppocr INFO:                 keep_keys : ['image', 'label', 'length', 'valid_ratio']
[2026/10/04 16:53:05] ppocr INFO: Global : 
[2026/10/04 16:53:05] ppocr INFO:     cal_metric_during_train : True
[2026/10/04 16:53:05] ppocr INFO:     character_dict_path : D:/HocTap/Projects/NCKH-Medicare/dataset/processed/vaipe-ocr-crops/paddleocr/fine-tune/vaipe_vietnamese_dict.txt
[2026/10/04 16:53:05] ppocr INFO:     checkpoints : None
[2026/10/04 16:53:05] ppocr INFO:     d2s_train_image_shape : [3, 48, 320]
[2026/10/04 16:53:05] ppocr INFO:     debug : False
[2026/10/04 16:53:05] ppocr INFO:     distributed : False
[2026/10/04 16:53:05] ppocr INFO:     epoch_num : 1
[2026/10/04 16:53:05] ppocr INFO:     eval_batch_step : [0, 500]
[2026/10/04 16:53:05] ppocr INFO:     infer_mode : False
[2026/10/04 16:53:05] ppocr INFO:     log_smooth_window : 20
[2026/10/04 16:53:05] ppocr INFO:     model_name : vaipe_ppocrv5_mobile_rec
[2026/10/04 16:53:05] ppocr INFO:     pretrained_model : D:/HocTap/Projects/NCKH-Medicare/dataset/processed/vaipe-ocr-crops/paddleocr/fine-tune/PP-OCRv5_mobile_rec_pretrained.pdparams
[2026/10/04 16:53:05] ppocr INFO:     print_batch_step : 1
[2026/10/04 16:53:05] ppocr INFO:     save_epoch_step : 1
[2026/10/04 16:53:05] ppocr INFO:     save_model_dir : D:/HocTap/Projects/NCKH-Medicare/dataset/processed/vaipe-ocr-crops/paddleocr/fine-tune/model
[2026/10/04 16:53:05] ppocr INFO:     use_gpu : False
[2026/10/04 16:53:05] ppocr INFO:     use_space_char : True
[2026/10/04 16:53:05] ppocr INFO:     use_visualdl : False
[2026/10/04 16:53:05] ppocr INFO: Loss : 
[2026/10/04 16:53:05] ppocr INFO:     loss_config_list : 
[2026/10/04 16:53:05] ppocr INFO:         CTCLoss : None
[2026/10/04 16:53:05] ppocr INFO:         NRTRLoss : None
[2026/10/04 16:53:05] ppocr INFO:     name : MultiLoss
[2026/10/04 16:53:05] ppocr INFO: Metric : 
[2026/10/04 16:53:05] ppocr INFO:     main_indicator : acc
[2026/10/04 16:53:05] ppocr INFO:     name : RecMetric
[2026/10/04 16:53:05] ppocr INFO: Optimizer : 
[2026/10/04 16:53:05] ppocr INFO:     beta1 : 0.9
[2026/10/04 16:53:05] ppocr INFO:     beta2 : 0.999
[2026/10/04 16:53:05] ppocr INFO:     lr : 
[2026/10/04 16:53:05] ppocr INFO:         learning_rate : 5e-05
[2026/10/04 16:53:05] ppocr INFO:         name : Cosine
[2026/10/04 16:53:05] ppocr INFO:         warmup_epoch : 1
[2026/10/04 16:53:05] ppocr INFO:     name : Adam
[2026/10/04 16:53:05] ppocr INFO:     regularizer : 
[2026/10/04 16:53:05] ppocr INFO:         factor : 3e-05
[2026/10/04 16:53:05] ppocr INFO:         name : L2
[2026/10/04 16:53:05] ppocr INFO: PostProcess : 
[2026/10/04 16:53:05] ppocr INFO:     name : CTCLabelDecode
[2026/10/04 16:53:05] ppocr INFO: Train : 
[2026/10/04 16:53:05] ppocr INFO:     dataset : 
[2026/10/04 16:53:05] ppocr INFO:         data_dir : D:/HocTap/Projects/NCKH-Medicare/dataset/processed/vaipe-ocr-crops
[2026/10/04 16:53:05] ppocr INFO:         label_file_list : ['D:/HocTap/Projects/NCKH-Medicare/dataset/processed/vaipe-ocr-crops/paddleocr/rec_gt_train.txt']
[2026/10/04 16:53:05] ppocr INFO:         name : SimpleDataSet
[2026/10/04 16:53:05] ppocr INFO:         transforms : 
[2026/10/04 16:53:05] ppocr INFO:             DecodeImage : 
[2026/10/04 16:53:05] ppocr INFO:                 channel_first : False
[2026/10/04 16:53:05] ppocr INFO:                 img_mode : BGR
[2026/10/04 16:53:05] ppocr INFO:             CTCLabelEncode : 
[2026/10/04 16:53:05] ppocr INFO:                 max_text_length : 25
[2026/10/04 16:53:05] ppocr INFO:             RecResizeImg : 
[2026/10/04 16:53:05] ppocr INFO:                 image_shape : [3, 48, 320]
[2026/10/04 16:53:05] ppocr INFO:             KeepKeys : 
[2026/10/04 16:53:05] ppocr INFO:                 keep_keys : ['image', 'label', 'length', 'valid_ratio']
[2026/10/04 16:53:05] ppocr INFO:     loader : 
[2026/10/04 16:53:05] ppocr INFO:         batch_size_per_card : 64
[2026/10/04 16:53:05] ppocr INFO:         drop_last : False
[2026/10/04 16:53:05] ppocr INFO:         num_workers : 0
[2026/10/04 16:53:05] ppocr INFO:         shuffle : True
[2026/10/04 16:53:05] ppocr INFO: profiler_options : None
[2026/10/04 16:53:05] ppocr INFO: train with paddle 3.3.1 and device Place(cpu)
[2026/10/04 16:53:05] ppocr INFO: Initialize indexs of datasets:['D:/HocTap/Projects/NCKH-Medicare/dataset/processed/vaipe-ocr-crops/paddleocr/rec_gt_train.txt']
[2026/10/04 16:53:36] ppocr INFO: Architecture : 
[2026/10/04 16:53:36] ppocr INFO:     Backbone : 
[2026/10/04 16:53:36] ppocr INFO:         name : PPLCNetV3
[2026/10/04 16:53:36] ppocr INFO:         scale : 0.95
[2026/10/04 16:53:36] ppocr INFO:     Head : 
[2026/10/04 16:53:36] ppocr INFO:         head_list : 
[2026/10/04 16:53:36] ppocr INFO:             CTCHead : 
[2026/10/04 16:53:36] ppocr INFO:                 Head : 
[2026/10/04 16:53:36] ppocr INFO:                     fc_decay : 1e-05
[2026/10/04 16:53:36] ppocr INFO:                 Neck : 
[2026/10/04 16:53:36] ppocr INFO:                     depth : 2
[2026/10/04 16:53:36] ppocr INFO:                     dims : 120
[2026/10/04 16:53:36] ppocr INFO:                     hidden_dims : 120
[2026/10/04 16:53:36] ppocr INFO:                     kernel_size : [1, 3]
[2026/10/04 16:53:36] ppocr INFO:                     name : svtr
[2026/10/04 16:53:36] ppocr INFO:                     use_guide : True
[2026/10/04 16:53:36] ppocr INFO:             NRTRHead : 
[2026/10/04 16:53:36] ppocr INFO:                 max_text_length : 25
[2026/10/04 16:53:36] ppocr INFO:                 nrtr_dim : 384
[2026/10/04 16:53:36] ppocr INFO:         name : MultiHead
[2026/10/04 16:53:36] ppocr INFO:     Transform : None
[2026/10/04 16:53:36] ppocr INFO:     algorithm : SVTR_LCNet
[2026/10/04 16:53:36] ppocr INFO:     model_type : rec
[2026/10/04 16:53:36] ppocr INFO: Eval : 
[2026/10/04 16:53:36] ppocr INFO:     dataset : 
[2026/10/04 16:53:36] ppocr INFO:         data_dir : D:/HocTap/Projects/NCKH-Medicare/dataset/processed/vaipe-ocr-crops
[2026/10/04 16:53:36] ppocr INFO:         label_file_list : ['D:/HocTap/Projects/NCKH-Medicare/dataset/processed/vaipe-ocr-crops/paddleocr/rec_gt_validation.txt']
[2026/10/04 16:53:36] ppocr INFO:         name : SimpleDataSet
[2026/10/04 16:53:36] ppocr INFO:         transforms : 
[2026/10/04 16:53:36] ppocr INFO:             DecodeImage : 
[2026/10/04 16:53:36] ppocr INFO:                 channel_first : False
[2026/10/04 16:53:36] ppocr INFO:                 img_mode : BGR
[2026/10/04 16:53:36] ppocr INFO:             CTCLabelEncode : 
[2026/10/04 16:53:36] ppocr INFO:                 max_text_length : 25
[2026/10/04 16:53:36] ppocr INFO:             RecResizeImg : 
[2026/10/04 16:53:36] ppocr INFO:                 image_shape : [3, 48, 320]
[2026/10/04 16:53:36] ppocr INFO:             KeepKeys : 
[2026/10/04 16:53:36] ppocr INFO:                 keep_keys : ['image', 'label', 'length', 'valid_ratio']
[2026/10/04 16:53:36] ppocr INFO:     loader : 
[2026/10/04 16:53:36] ppocr INFO:         batch_size_per_card : 64
[2026/10/04 16:53:36] ppocr INFO:         drop_last : False
[2026/10/04 16:53:36] ppocr INFO:         num_workers : 2
[2026/10/04 16:53:36] ppocr INFO:         shuffle : False
[2026/10/04 16:53:36] ppocr INFO: Global : 
[2026/10/04 16:53:36] ppocr INFO:     cal_metric_during_train : True
[2026/10/04 16:53:36] ppocr INFO:     character_dict_path : D:/HocTap/Projects/NCKH-Medicare/dataset/processed/vaipe-ocr-crops/paddleocr/fine-tune/vaipe_vietnamese_dict.txt
[2026/10/04 16:53:36] ppocr INFO:     checkpoints : None
[2026/10/04 16:53:36] ppocr INFO:     d2s_train_image_shape : [3, 48, 320]
[2026/10/04 16:53:36] ppocr INFO:     debug : False
[2026/10/04 16:53:36] ppocr INFO:     distributed : False
[2026/10/04 16:53:36] ppocr INFO:     epoch_num : 1
[2026/10/04 16:53:36] ppocr INFO:     eval_batch_step : [0, 500]
[2026/10/04 16:53:36] ppocr INFO:     infer_mode : False
[2026/10/04 16:53:36] ppocr INFO:     log_smooth_window : 20
[2026/10/04 16:53:36] ppocr INFO:     model_name : vaipe_ppocrv5_mobile_rec
[2026/10/04 16:53:36] ppocr INFO:     pretrained_model : D:/HocTap/Projects/NCKH-Medicare/dataset/processed/vaipe-ocr-crops/paddleocr/fine-tune/PP-OCRv5_mobile_rec_pretrained.pdparams
[2026/10/04 16:53:36] ppocr INFO:     print_batch_step : 1
[2026/10/04 16:53:36] ppocr INFO:     save_epoch_step : 1
[2026/10/04 16:53:36] ppocr INFO:     save_model_dir : D:/HocTap/Projects/NCKH-Medicare/dataset/processed/vaipe-ocr-crops/paddleocr/fine-tune/model
[2026/10/04 16:53:36] ppocr INFO:     use_gpu : False
[2026/10/04 16:53:36] ppocr INFO:     use_space_char : True
[2026/10/04 16:53:36] ppocr INFO:     use_visualdl : False
[2026/10/04 16:53:36] ppocr INFO: Loss : 
[2026/10/04 16:53:36] ppocr INFO:     loss_config_list : 
[2026/10/04 16:53:36] ppocr INFO:         CTCLoss : None
[2026/10/04 16:53:36] ppocr INFO:         NRTRLoss : None
[2026/10/04 16:53:36] ppocr INFO:     name : MultiLoss
[2026/10/04 16:53:36] ppocr INFO: Metric : 
[2026/10/04 16:53:36] ppocr INFO:     main_indicator : acc
[2026/10/04 16:53:36] ppocr INFO:     name : RecMetric
[2026/10/04 16:53:36] ppocr INFO: Optimizer : 
[2026/10/04 16:53:36] ppocr INFO:     beta1 : 0.9
[2026/10/04 16:53:36] ppocr INFO:     beta2 : 0.999
[2026/10/04 16:53:36] ppocr INFO:     lr : 
[2026/10/04 16:53:36] ppocr INFO:         learning_rate : 5e-05
[2026/10/04 16:53:36] ppocr INFO:         name : Cosine
[2026/10/04 16:53:36] ppocr INFO:         warmup_epoch : 1
[2026/10/04 16:53:36] ppocr INFO:     name : Adam
[2026/10/04 16:53:36] ppocr INFO:     regularizer : 
[2026/10/04 16:53:36] ppocr INFO:         factor : 3e-05
[2026/10/04 16:53:36] ppocr INFO:         name : L2
[2026/10/04 16:53:36] ppocr INFO: PostProcess : 
[2026/10/04 16:53:36] ppocr INFO:     name : CTCLabelDecode
[2026/10/04 16:53:36] ppocr INFO: Train : 
[2026/10/04 16:53:36] ppocr INFO:     dataset : 
[2026/10/04 16:53:36] ppocr INFO:         data_dir : D:/HocTap/Projects/NCKH-Medicare/dataset/processed/vaipe-ocr-crops
[2026/10/04 16:53:36] ppocr INFO:         label_file_list : ['D:/HocTap/Projects/NCKH-Medicare/dataset/processed/vaipe-ocr-crops/paddleocr/rec_gt_train.txt']
[2026/10/04 16:53:36] ppocr INFO:         name : SimpleDataSet
[2026/10/04 16:53:36] ppocr INFO:         transforms : 
[2026/10/04 16:53:36] ppocr INFO:             DecodeImage : 
[2026/10/04 16:53:36] ppocr INFO:                 channel_first : False
[2026/10/04 16:53:36] ppocr INFO:                 img_mode : BGR
[2026/10/04 16:53:36] ppocr INFO:             CTCLabelEncode : 
[2026/10/04 16:53:36] ppocr INFO:                 max_text_length : 25
[2026/10/04 16:53:36] ppocr INFO:             RecResizeImg : 
[2026/10/04 16:53:36] ppocr INFO:                 image_shape : [3, 48, 320]
[2026/10/04 16:53:36] ppocr INFO:             KeepKeys : 
[2026/10/04 16:53:36] ppocr INFO:                 keep_keys : ['image', 'label', 'length', 'valid_ratio']
[2026/10/04 16:53:36] ppocr INFO:     loader : 
[2026/10/04 16:53:36] ppocr INFO:         batch_size_per_card : 64
[2026/10/04 16:53:36] ppocr INFO:         drop_last : False
[2026/10/04 16:53:36] ppocr INFO:         num_workers : 0
[2026/10/04 16:53:36] ppocr INFO:         shuffle : True
[2026/10/04 16:53:36] ppocr INFO: profiler_options : None
[2026/10/04 16:53:36] ppocr INFO: train with paddle 3.3.1 and device Place(cpu)
[2026/10/04 16:53:36] ppocr INFO: Initialize indexs of datasets:['D:/HocTap/Projects/NCKH-Medicare/dataset/processed/vaipe-ocr-crops/paddleocr/rec_gt_train.txt']
[2026/10/04 16:53:36] ppocr INFO: Initialize indexs of datasets:['D:/HocTap/Projects/NCKH-Medicare/dataset/processed/vaipe-ocr-crops/paddleocr/rec_gt_validation.txt']
[2026/10/04 16:53:37] ppocr INFO: train dataloader has 453 iters
[2026/10/04 16:53:37] ppocr INFO: valid dataloader has 96 iters
[2026/10/04 16:53:37] ppocr WARNING: The shape of model params head.ctc_head.fc.weight paddle.Size([120, 178]) not matched with loaded params head.ctc_head.fc.weight paddle.Size([120, 18385]) !
[2026/10/04 16:53:37] ppocr WARNING: The shape of model params head.ctc_head.fc.bias paddle.Size([178]) not matched with loaded params head.ctc_head.fc.bias paddle.Size([18385]) !
[2026/10/04 16:53:37] ppocr WARNING: The shape of model params head.gtc_head.embedding.embedding.weight paddle.Size([182, 384]) not matched with loaded params head.gtc_head.embedding.embedding.weight paddle.Size([18389, 384]) !
[2026/10/04 16:53:37] ppocr WARNING: The shape of model params head.gtc_head.tgt_word_prj.weight paddle.Size([384, 182]) not matched with loaded params head.gtc_head.tgt_word_prj.weight paddle.Size([384, 18389]) !
[2026/10/04 16:53:37] ppocr INFO: load pretrain successful from D:/HocTap/Projects/NCKH-Medicare/dataset/processed/vaipe-ocr-crops/paddleocr/fine-tune/PP-OCRv5_mobile_rec_pretrained
[2026/10/04 16:53:37] ppocr INFO: During the training process, after the 0th iteration, an evaluation is run every 500 iterations
[2026/10/04 16:54:50] ppocr INFO: Architecture : 
[2026/10/04 16:54:50] ppocr INFO:     Backbone : 
[2026/10/04 16:54:50] ppocr INFO:         name : PPLCNetV3
[2026/10/04 16:54:50] ppocr INFO:         scale : 0.95
[2026/10/04 16:54:50] ppocr INFO:     Head : 
[2026/10/04 16:54:50] ppocr INFO:         head_list : 
[2026/10/04 16:54:50] ppocr INFO:             CTCHead : 
[2026/10/04 16:54:50] ppocr INFO:                 Head : 
[2026/10/04 16:54:50] ppocr INFO:                     fc_decay : 1e-05
[2026/10/04 16:54:50] ppocr INFO:                 Neck : 
[2026/10/04 16:54:50] ppocr INFO:                     depth : 2
[2026/10/04 16:54:50] ppocr INFO:                     dims : 120
[2026/10/04 16:54:50] ppocr INFO:                     hidden_dims : 120
[2026/10/04 16:54:50] ppocr INFO:                     kernel_size : [1, 3]
[2026/10/04 16:54:50] ppocr INFO:                     name : svtr
[2026/10/04 16:54:50] ppocr INFO:                     use_guide : True
[2026/10/04 16:54:50] ppocr INFO:         name : MultiHead
[2026/10/04 16:54:50] ppocr INFO:     Transform : None
[2026/10/04 16:54:50] ppocr INFO:     algorithm : SVTR_LCNet
[2026/10/04 16:54:50] ppocr INFO:     model_type : rec
[2026/10/04 16:54:50] ppocr INFO: Eval : 
[2026/10/04 16:54:50] ppocr INFO:     dataset : 
[2026/10/04 16:54:50] ppocr INFO:         data_dir : D:/HocTap/Projects/NCKH-Medicare/dataset/processed/vaipe-ocr-crops
[2026/10/04 16:54:50] ppocr INFO:         label_file_list : ['D:/HocTap/Projects/NCKH-Medicare/dataset/processed/vaipe-ocr-crops/paddleocr/rec_gt_validation.txt']
[2026/10/04 16:54:50] ppocr INFO:         name : SimpleDataSet
[2026/10/04 16:54:50] ppocr INFO:         transforms : 
[2026/10/04 16:54:50] ppocr INFO:             DecodeImage : 
[2026/10/04 16:54:50] ppocr INFO:                 channel_first : False
[2026/10/04 16:54:50] ppocr INFO:                 img_mode : BGR
[2026/10/04 16:54:50] ppocr INFO:             CTCLabelEncode : 
[2026/10/04 16:54:50] ppocr INFO:                 max_text_length : 25
[2026/10/04 16:54:50] ppocr INFO:             RecResizeImg : 
[2026/10/04 16:54:50] ppocr INFO:                 image_shape : [3, 48, 320]
[2026/10/04 16:54:50] ppocr INFO:             KeepKeys : 
[2026/10/04 16:54:50] ppocr INFO:                 keep_keys : ['image', 'label', 'length', 'valid_ratio']
[2026/10/04 16:54:50] ppocr INFO:     loader : 
[2026/10/04 16:54:50] ppocr INFO:         batch_size_per_card : 64
[2026/10/04 16:54:50] ppocr INFO:         drop_last : False
[2026/10/04 16:54:50] ppocr INFO:         num_workers : 2
[2026/10/04 16:54:50] ppocr INFO:         shuffle : False
[2026/10/04 16:54:50] ppocr INFO: Global : 
[2026/10/04 16:54:50] ppocr INFO:     cal_metric_during_train : True
[2026/10/04 16:54:50] ppocr INFO:     character_dict_path : D:/HocTap/Projects/NCKH-Medicare/dataset/processed/vaipe-ocr-crops/paddleocr/fine-tune/vaipe_vietnamese_dict.txt
[2026/10/04 16:54:50] ppocr INFO:     checkpoints : None
[2026/10/04 16:54:50] ppocr INFO:     d2s_train_image_shape : [3, 48, 320]
[2026/10/04 16:54:50] ppocr INFO:     debug : False
[2026/10/04 16:54:50] ppocr INFO:     distributed : False
[2026/10/04 16:54:50] ppocr INFO:     epoch_num : 1
[2026/10/04 16:54:50] ppocr INFO:     eval_batch_step : [0, 500]
[2026/10/04 16:54:50] ppocr INFO:     infer_mode : False
[2026/10/04 16:54:50] ppocr INFO:     log_smooth_window : 20
[2026/10/04 16:54:50] ppocr INFO:     model_name : vaipe_ppocrv5_mobile_rec
[2026/10/04 16:54:50] ppocr INFO:     pretrained_model : D:/HocTap/Projects/NCKH-Medicare/dataset/processed/vaipe-ocr-crops/paddleocr/fine-tune/PP-OCRv5_mobile_rec_pretrained.pdparams
[2026/10/04 16:54:50] ppocr INFO:     print_batch_step : 50
[2026/10/04 16:54:50] ppocr INFO:     save_epoch_step : 1
[2026/10/04 16:54:50] ppocr INFO:     save_model_dir : D:/HocTap/Projects/NCKH-Medicare/dataset/processed/vaipe-ocr-crops/paddleocr/fine-tune/model
[2026/10/04 16:54:50] ppocr INFO:     use_gpu : False
[2026/10/04 16:54:50] ppocr INFO:     use_space_char : True
[2026/10/04 16:54:50] ppocr INFO:     use_visualdl : False
[2026/10/04 16:54:50] ppocr INFO: Loss : 
[2026/10/04 16:54:50] ppocr INFO:     loss_config_list : 
[2026/10/04 16:54:50] ppocr INFO:         CTCLoss : None
[2026/10/04 16:54:50] ppocr INFO:     name : MultiLoss
[2026/10/04 16:54:50] ppocr INFO: Metric : 
[2026/10/04 16:54:50] ppocr INFO:     main_indicator : acc
[2026/10/04 16:54:50] ppocr INFO:     name : RecMetric
[2026/10/04 16:54:50] ppocr INFO: Optimizer : 
[2026/10/04 16:54:50] ppocr INFO:     beta1 : 0.9
[2026/10/04 16:54:50] ppocr INFO:     beta2 : 0.999
[2026/10/04 16:54:50] ppocr INFO:     lr : 
[2026/10/04 16:54:50] ppocr INFO:         learning_rate : 5e-05
[2026/10/04 16:54:50] ppocr INFO:         name : Cosine
[2026/10/04 16:54:50] ppocr INFO:         warmup_epoch : 1
[2026/10/04 16:54:50] ppocr INFO:     name : Adam
[2026/10/04 16:54:50] ppocr INFO:     regularizer : 
[2026/10/04 16:54:50] ppocr INFO:         factor : 3e-05
[2026/10/04 16:54:50] ppocr INFO:         name : L2
[2026/10/04 16:54:50] ppocr INFO: PostProcess : 
[2026/10/04 16:54:50] ppocr INFO:     name : CTCLabelDecode
[2026/10/04 16:54:50] ppocr INFO: Train : 
[2026/10/04 16:54:50] ppocr INFO:     dataset : 
[2026/10/04 16:54:50] ppocr INFO:         data_dir : D:/HocTap/Projects/NCKH-Medicare/dataset/processed/vaipe-ocr-crops
[2026/10/04 16:54:50] ppocr INFO:         label_file_list : ['D:/HocTap/Projects/NCKH-Medicare/dataset/processed/vaipe-ocr-crops/paddleocr/rec_gt_train.txt']
[2026/10/04 16:54:50] ppocr INFO:         name : SimpleDataSet
[2026/10/04 16:54:50] ppocr INFO:         transforms : 
[2026/10/04 16:54:50] ppocr INFO:             DecodeImage : 
[2026/10/04 16:54:50] ppocr INFO:                 channel_first : False
[2026/10/04 16:54:50] ppocr INFO:                 img_mode : BGR
[2026/10/04 16:54:50] ppocr INFO:             CTCLabelEncode : 
[2026/10/04 16:54:50] ppocr INFO:                 max_text_length : 25
[2026/10/04 16:54:50] ppocr INFO:             RecResizeImg : 
[2026/10/04 16:54:50] ppocr INFO:                 image_shape : [3, 48, 320]
[2026/10/04 16:54:50] ppocr INFO:             KeepKeys : 
[2026/10/04 16:54:50] ppocr INFO:                 keep_keys : ['image', 'label', 'length', 'valid_ratio']
[2026/10/04 16:54:50] ppocr INFO:     loader : 
[2026/10/04 16:54:50] ppocr INFO:         batch_size_per_card : 64
[2026/10/04 16:54:50] ppocr INFO:         drop_last : False
[2026/10/04 16:54:50] ppocr INFO:         num_workers : 0
[2026/10/04 16:54:50] ppocr INFO:         shuffle : True
[2026/10/04 16:54:50] ppocr INFO: profiler_options : None
[2026/10/04 16:54:50] ppocr INFO: train with paddle 3.3.1 and device Place(cpu)
[2026/10/04 16:54:50] ppocr INFO: Initialize indexs of datasets:['D:/HocTap/Projects/NCKH-Medicare/dataset/processed/vaipe-ocr-crops/paddleocr/rec_gt_train.txt']
[2026/10/04 16:54:50] ppocr INFO: Initialize indexs of datasets:['D:/HocTap/Projects/NCKH-Medicare/dataset/processed/vaipe-ocr-crops/paddleocr/rec_gt_validation.txt']
[2026/10/04 16:55:30] ppocr INFO: Architecture : 
[2026/10/04 16:55:30] ppocr INFO:     Backbone : 
[2026/10/04 16:55:30] ppocr INFO:         name : PPLCNetV3
[2026/10/04 16:55:30] ppocr INFO:         scale : 0.95
[2026/10/04 16:55:30] ppocr INFO:     Head : 
[2026/10/04 16:55:30] ppocr INFO:         fc_decay : 1e-05
[2026/10/04 16:55:30] ppocr INFO:         name : CTCHead
[2026/10/04 16:55:30] ppocr INFO:     Transform : None
[2026/10/04 16:55:30] ppocr INFO:     algorithm : SVTR_LCNet
[2026/10/04 16:55:30] ppocr INFO:     model_type : rec
[2026/10/04 16:55:30] ppocr INFO: Eval : 
[2026/10/04 16:55:30] ppocr INFO:     dataset : 
[2026/10/04 16:55:30] ppocr INFO:         data_dir : D:/HocTap/Projects/NCKH-Medicare/dataset/processed/vaipe-ocr-crops
[2026/10/04 16:55:30] ppocr INFO:         label_file_list : ['D:/HocTap/Projects/NCKH-Medicare/dataset/processed/vaipe-ocr-crops/paddleocr/rec_gt_validation.txt']
[2026/10/04 16:55:30] ppocr INFO:         name : SimpleDataSet
[2026/10/04 16:55:30] ppocr INFO:         transforms : 
[2026/10/04 16:55:30] ppocr INFO:             DecodeImage : 
[2026/10/04 16:55:30] ppocr INFO:                 channel_first : False
[2026/10/04 16:55:30] ppocr INFO:                 img_mode : BGR
[2026/10/04 16:55:30] ppocr INFO:             CTCLabelEncode : 
[2026/10/04 16:55:30] ppocr INFO:                 max_text_length : 25
[2026/10/04 16:55:30] ppocr INFO:             RecResizeImg : 
[2026/10/04 16:55:30] ppocr INFO:                 image_shape : [3, 48, 320]
[2026/10/04 16:55:30] ppocr INFO:             KeepKeys : 
[2026/10/04 16:55:30] ppocr INFO:                 keep_keys : ['image', 'label', 'length', 'valid_ratio']
[2026/10/04 16:55:30] ppocr INFO:     loader : 
[2026/10/04 16:55:30] ppocr INFO:         batch_size_per_card : 64
[2026/10/04 16:55:30] ppocr INFO:         drop_last : False
[2026/10/04 16:55:30] ppocr INFO:         num_workers : 2
[2026/10/04 16:55:30] ppocr INFO:         shuffle : False
[2026/10/04 16:55:30] ppocr INFO: Global : 
[2026/10/04 16:55:30] ppocr INFO:     cal_metric_during_train : True
[2026/10/04 16:55:30] ppocr INFO:     character_dict_path : D:/HocTap/Projects/NCKH-Medicare/dataset/processed/vaipe-ocr-crops/paddleocr/fine-tune/vaipe_vietnamese_dict.txt
[2026/10/04 16:55:30] ppocr INFO:     checkpoints : None
[2026/10/04 16:55:30] ppocr INFO:     d2s_train_image_shape : [3, 48, 320]
[2026/10/04 16:55:30] ppocr INFO:     debug : False
[2026/10/04 16:55:30] ppocr INFO:     distributed : False
[2026/10/04 16:55:30] ppocr INFO:     epoch_num : 1
[2026/10/04 16:55:30] ppocr INFO:     eval_batch_step : [0, 500]
[2026/10/04 16:55:30] ppocr INFO:     infer_mode : False
[2026/10/04 16:55:30] ppocr INFO:     log_smooth_window : 20
[2026/10/04 16:55:30] ppocr INFO:     model_name : vaipe_ppocrv5_mobile_rec
[2026/10/04 16:55:30] ppocr INFO:     pretrained_model : D:/HocTap/Projects/NCKH-Medicare/dataset/processed/vaipe-ocr-crops/paddleocr/fine-tune/PP-OCRv5_mobile_rec_pretrained.pdparams
[2026/10/04 16:55:30] ppocr INFO:     print_batch_step : 50
[2026/10/04 16:55:30] ppocr INFO:     save_epoch_step : 1
[2026/10/04 16:55:30] ppocr INFO:     save_model_dir : D:/HocTap/Projects/NCKH-Medicare/dataset/processed/vaipe-ocr-crops/paddleocr/fine-tune/model
[2026/10/04 16:55:30] ppocr INFO:     use_gpu : False
[2026/10/04 16:55:30] ppocr INFO:     use_space_char : True
[2026/10/04 16:55:30] ppocr INFO:     use_visualdl : False
[2026/10/04 16:55:30] ppocr INFO: Loss : 
[2026/10/04 16:55:30] ppocr INFO:     name : CTCLoss
[2026/10/04 16:55:30] ppocr INFO: Metric : 
[2026/10/04 16:55:30] ppocr INFO:     main_indicator : acc
[2026/10/04 16:55:30] ppocr INFO:     name : RecMetric
[2026/10/04 16:55:30] ppocr INFO: Optimizer : 
[2026/10/04 16:55:30] ppocr INFO:     beta1 : 0.9
[2026/10/04 16:55:30] ppocr INFO:     beta2 : 0.999
[2026/10/04 16:55:30] ppocr INFO:     lr : 
[2026/10/04 16:55:30] ppocr INFO:         learning_rate : 5e-05
[2026/10/04 16:55:30] ppocr INFO:         name : Cosine
[2026/10/04 16:55:30] ppocr INFO:         warmup_epoch : 1
[2026/10/04 16:55:30] ppocr INFO:     name : Adam
[2026/10/04 16:55:30] ppocr INFO:     regularizer : 
[2026/10/04 16:55:30] ppocr INFO:         factor : 3e-05
[2026/10/04 16:55:30] ppocr INFO:         name : L2
[2026/10/04 16:55:30] ppocr INFO: PostProcess : 
[2026/10/04 16:55:30] ppocr INFO:     name : CTCLabelDecode
[2026/10/04 16:55:30] ppocr INFO: Train : 
[2026/10/04 16:55:30] ppocr INFO:     dataset : 
[2026/10/04 16:55:30] ppocr INFO:         data_dir : D:/HocTap/Projects/NCKH-Medicare/dataset/processed/vaipe-ocr-crops
[2026/10/04 16:55:30] ppocr INFO:         label_file_list : ['D:/HocTap/Projects/NCKH-Medicare/dataset/processed/vaipe-ocr-crops/paddleocr/rec_gt_train.txt']
[2026/10/04 16:55:30] ppocr INFO:         name : SimpleDataSet
[2026/10/04 16:55:30] ppocr INFO:         transforms : 
[2026/10/04 16:55:30] ppocr INFO:             DecodeImage : 
[2026/10/04 16:55:30] ppocr INFO:                 channel_first : False
[2026/10/04 16:55:30] ppocr INFO:                 img_mode : BGR
[2026/10/04 16:55:30] ppocr INFO:             CTCLabelEncode : 
[2026/10/04 16:55:30] ppocr INFO:                 max_text_length : 25
[2026/10/04 16:55:30] ppocr INFO:             RecResizeImg : 
[2026/10/04 16:55:30] ppocr INFO:                 image_shape : [3, 48, 320]
[2026/10/04 16:55:30] ppocr INFO:             KeepKeys : 
[2026/10/04 16:55:30] ppocr INFO:                 keep_keys : ['image', 'label', 'length', 'valid_ratio']
[2026/10/04 16:55:30] ppocr INFO:     loader : 
[2026/10/04 16:55:30] ppocr INFO:         batch_size_per_card : 64
[2026/10/04 16:55:30] ppocr INFO:         drop_last : False
[2026/10/04 16:55:30] ppocr INFO:         num_workers : 0
[2026/10/04 16:55:30] ppocr INFO:         shuffle : True
[2026/10/04 16:55:30] ppocr INFO: profiler_options : None
[2026/10/04 16:55:30] ppocr INFO: train with paddle 3.3.1 and device Place(cpu)
[2026/10/04 16:55:31] ppocr INFO: Initialize indexs of datasets:['D:/HocTap/Projects/NCKH-Medicare/dataset/processed/vaipe-ocr-crops/paddleocr/rec_gt_train.txt']
[2026/10/04 16:55:31] ppocr INFO: Initialize indexs of datasets:['D:/HocTap/Projects/NCKH-Medicare/dataset/processed/vaipe-ocr-crops/paddleocr/rec_gt_validation.txt']
[2026/10/04 16:55:31] ppocr INFO: train dataloader has 453 iters
[2026/10/04 16:55:31] ppocr INFO: valid dataloader has 96 iters
[2026/10/04 16:55:31] ppocr WARNING: The pretrained params head.ctc_encoder.encoder.conv1.conv.weight not in model
[2026/10/04 16:55:31] ppocr WARNING: The pretrained params head.ctc_encoder.encoder.conv1.norm.weight not in model
[2026/10/04 16:55:31] ppocr WARNING: The pretrained params head.ctc_encoder.encoder.conv1.norm.bias not in model
[2026/10/04 16:55:31] ppocr WARNING: The pretrained params head.ctc_encoder.encoder.conv1.norm._mean not in model
[2026/10/04 16:55:31] ppocr WARNING: The pretrained params head.ctc_encoder.encoder.conv1.norm._variance not in model
[2026/10/04 16:55:31] ppocr WARNING: The pretrained params head.ctc_encoder.encoder.conv2.conv.weight not in model
[2026/10/04 16:55:31] ppocr WARNING: The pretrained params head.ctc_encoder.encoder.conv2.norm.weight not in model
[2026/10/04 16:55:31] ppocr WARNING: The pretrained params head.ctc_encoder.encoder.conv2.norm.bias not in model
[2026/10/04 16:55:31] ppocr WARNING: The pretrained params head.ctc_encoder.encoder.conv2.norm._mean not in model
[2026/10/04 16:55:31] ppocr WARNING: The pretrained params head.ctc_encoder.encoder.conv2.norm._variance not in model
[2026/10/04 16:55:31] ppocr WARNING: The pretrained params head.ctc_encoder.encoder.svtr_block.0.norm1.weight not in model
[2026/10/04 16:55:31] ppocr WARNING: The pretrained params head.ctc_encoder.encoder.svtr_block.0.norm1.bias not in model
[2026/10/04 16:55:32] ppocr WARNING: The pretrained params head.ctc_encoder.encoder.svtr_block.0.mixer.qkv.weight not in model
[2026/10/04 16:55:32] ppocr WARNING: The pretrained params head.ctc_encoder.encoder.svtr_block.0.mixer.qkv.bias not in model
[2026/10/04 16:55:32] ppocr WARNING: The pretrained params head.ctc_encoder.encoder.svtr_block.0.mixer.proj.weight not in model
[2026/10/04 16:55:32] ppocr WARNING: The pretrained params head.ctc_encoder.encoder.svtr_block.0.mixer.proj.bias not in model
[2026/10/04 16:55:32] ppocr WARNING: The pretrained params head.ctc_encoder.encoder.svtr_block.0.norm2.weight not in model
[2026/10/04 16:55:32] ppocr WARNING: The pretrained params head.ctc_encoder.encoder.svtr_block.0.norm2.bias not in model
[2026/10/04 16:55:32] ppocr WARNING: The pretrained params head.ctc_encoder.encoder.svtr_block.0.mlp.fc1.weight not in model
[2026/10/04 16:55:32] ppocr WARNING: The pretrained params head.ctc_encoder.encoder.svtr_block.0.mlp.fc1.bias not in model
[2026/10/04 16:55:32] ppocr WARNING: The pretrained params head.ctc_encoder.encoder.svtr_block.0.mlp.fc2.weight not in model
[2026/10/04 16:55:32] ppocr WARNING: The pretrained params head.ctc_encoder.encoder.svtr_block.0.mlp.fc2.bias not in model
[2026/10/04 16:55:32] ppocr WARNING: The pretrained params head.ctc_encoder.encoder.svtr_block.1.norm1.weight not in model
[2026/10/04 16:55:32] ppocr WARNING: The pretrained params head.ctc_encoder.encoder.svtr_block.1.norm1.bias not in model
[2026/10/04 16:55:32] ppocr WARNING: The pretrained params head.ctc_encoder.encoder.svtr_block.1.mixer.qkv.weight not in model
[2026/10/04 16:55:32] ppocr WARNING: The pretrained params head.ctc_encoder.encoder.svtr_block.1.mixer.qkv.bias not in model
[2026/10/04 16:55:32] ppocr WARNING: The pretrained params head.ctc_encoder.encoder.svtr_block.1.mixer.proj.weight not in model
[2026/10/04 16:55:32] ppocr WARNING: The pretrained params head.ctc_encoder.encoder.svtr_block.1.mixer.proj.bias not in model
[2026/10/04 16:55:32] ppocr WARNING: The pretrained params head.ctc_encoder.encoder.svtr_block.1.norm2.weight not in model
[2026/10/04 16:55:32] ppocr WARNING: The pretrained params head.ctc_encoder.encoder.svtr_block.1.norm2.bias not in model
[2026/10/04 16:55:32] ppocr WARNING: The pretrained params head.ctc_encoder.encoder.svtr_block.1.mlp.fc1.weight not in model
[2026/10/04 16:55:32] ppocr WARNING: The pretrained params head.ctc_encoder.encoder.svtr_block.1.mlp.fc1.bias not in model
[2026/10/04 16:55:32] ppocr WARNING: The pretrained params head.ctc_encoder.encoder.svtr_block.1.mlp.fc2.weight not in model
[2026/10/04 16:55:32] ppocr WARNING: The pretrained params head.ctc_encoder.encoder.svtr_block.1.mlp.fc2.bias not in model
[2026/10/04 16:55:32] ppocr WARNING: The pretrained params head.ctc_encoder.encoder.norm.weight not in model
[2026/10/04 16:55:32] ppocr WARNING: The pretrained params head.ctc_encoder.encoder.norm.bias not in model
[2026/10/04 16:55:32] ppocr WARNING: The pretrained params head.ctc_encoder.encoder.conv3.conv.weight not in model
[2026/10/04 16:55:32] ppocr WARNING: The pretrained params head.ctc_encoder.encoder.conv3.norm.weight not in model
[2026/10/04 16:55:32] ppocr WARNING: The pretrained params head.ctc_encoder.encoder.conv3.norm.bias not in model
[2026/10/04 16:55:32] ppocr WARNING: The pretrained params head.ctc_encoder.encoder.conv3.norm._mean not in model
[2026/10/04 16:55:32] ppocr WARNING: The pretrained params head.ctc_encoder.encoder.conv3.norm._variance not in model
[2026/10/04 16:55:32] ppocr WARNING: The pretrained params head.ctc_encoder.encoder.conv4.conv.weight not in model
[2026/10/04 16:55:32] ppocr WARNING: The pretrained params head.ctc_encoder.encoder.conv4.norm.weight not in model
[2026/10/04 16:55:32] ppocr WARNING: The pretrained params head.ctc_encoder.encoder.conv4.norm.bias not in model
[2026/10/04 16:55:32] ppocr WARNING: The pretrained params head.ctc_encoder.encoder.conv4.norm._mean not in model
[2026/10/04 16:55:32] ppocr WARNING: The pretrained params head.ctc_encoder.encoder.conv4.norm._variance not in model
[2026/10/04 16:55:32] ppocr WARNING: The pretrained params head.ctc_encoder.encoder.conv1x1.conv.weight not in model
[2026/10/04 16:55:32] ppocr WARNING: The pretrained params head.ctc_encoder.encoder.conv1x1.norm.weight not in model
[2026/10/04 16:55:32] ppocr WARNING: The pretrained params head.ctc_encoder.encoder.conv1x1.norm.bias not in model
[2026/10/04 16:55:32] ppocr WARNING: The pretrained params head.ctc_encoder.encoder.conv1x1.norm._mean not in model
[2026/10/04 16:55:32] ppocr WARNING: The pretrained params head.ctc_encoder.encoder.conv1x1.norm._variance not in model
[2026/10/04 16:55:32] ppocr WARNING: The pretrained params head.ctc_head.fc.weight not in model
[2026/10/04 16:55:32] ppocr WARNING: The pretrained params head.ctc_head.fc.bias not in model
[2026/10/04 16:55:32] ppocr WARNING: The pretrained params head.before_gtc.1.fc.weight not in model
[2026/10/04 16:55:32] ppocr WARNING: The pretrained params head.gtc_head.embedding.embedding.weight not in model
[2026/10/04 16:55:32] ppocr WARNING: The pretrained params head.gtc_head.positional_encoding.pe not in model
[2026/10/04 16:55:32] ppocr WARNING: The pretrained params head.gtc_head.decoder.0.self_attn.qkv.weight not in model
[2026/10/04 16:55:32] ppocr WARNING: The pretrained params head.gtc_head.decoder.0.self_attn.qkv.bias not in model
[2026/10/04 16:55:32] ppocr WARNING: The pretrained params head.gtc_head.decoder.0.self_attn.out_proj.weight not in model
[2026/10/04 16:55:32] ppocr WARNING: The pretrained params head.gtc_head.decoder.0.self_attn.out_proj.bias not in model
[2026/10/04 16:55:32] ppocr WARNING: The pretrained params head.gtc_head.decoder.0.norm1.weight not in model
[2026/10/04 16:55:32] ppocr WARNING: The pretrained params head.gtc_head.decoder.0.norm1.bias not in model
[2026/10/04 16:55:32] ppocr WARNING: The pretrained params head.gtc_head.decoder.0.cross_attn.q.weight not in model
[2026/10/04 16:55:32] ppocr WARNING: The pretrained params head.gtc_head.decoder.0.cross_attn.q.bias not in model
[2026/10/04 16:55:32] ppocr WARNING: The pretrained params head.gtc_head.decoder.0.cross_attn.kv.weight not in model
[2026/10/04 16:55:32] ppocr WARNING: The pretrained params head.gtc_head.decoder.0.cross_attn.kv.bias not in model
[2026/10/04 16:55:32] ppocr WARNING: The pretrained params head.gtc_head.decoder.0.cross_attn.out_proj.weight not in model
[2026/10/04 16:55:32] ppocr WARNING: The pretrained params head.gtc_head.decoder.0.cross_attn.out_proj.bias not in model
[2026/10/04 16:55:32] ppocr WARNING: The pretrained params head.gtc_head.decoder.0.norm2.weight not in model
[2026/10/04 16:55:32] ppocr WARNING: The pretrained params head.gtc_head.decoder.0.norm2.bias not in model
[2026/10/04 16:55:32] ppocr WARNING: The pretrained params head.gtc_head.decoder.0.mlp.fc1.weight not in model
[2026/10/04 16:55:32] ppocr WARNING: The pretrained params head.gtc_head.decoder.0.mlp.fc1.bias not in model
[2026/10/04 16:55:32] ppocr WARNING: The pretrained params head.gtc_head.decoder.0.mlp.fc2.weight not in model
[2026/10/04 16:55:32] ppocr WARNING: The pretrained params head.gtc_head.decoder.0.mlp.fc2.bias not in model
[2026/10/04 16:55:32] ppocr WARNING: The pretrained params head.gtc_head.decoder.0.norm3.weight not in model
[2026/10/04 16:55:32] ppocr WARNING: The pretrained params head.gtc_head.decoder.0.norm3.bias not in model
[2026/10/04 16:55:32] ppocr WARNING: The pretrained params head.gtc_head.decoder.1.self_attn.qkv.weight not in model
[2026/10/04 16:55:32] ppocr WARNING: The pretrained params head.gtc_head.decoder.1.self_attn.qkv.bias not in model
[2026/10/04 16:55:32] ppocr WARNING: The pretrained params head.gtc_head.decoder.1.self_attn.out_proj.weight not in model
[2026/10/04 16:55:32] ppocr WARNING: The pretrained params head.gtc_head.decoder.1.self_attn.out_proj.bias not in model
[2026/10/04 16:55:32] ppocr WARNING: The pretrained params head.gtc_head.decoder.1.norm1.weight not in model
[2026/10/04 16:55:32] ppocr WARNING: The pretrained params head.gtc_head.decoder.1.norm1.bias not in model
[2026/10/04 16:55:32] ppocr WARNING: The pretrained params head.gtc_head.decoder.1.cross_attn.q.weight not in model
[2026/10/04 16:55:32] ppocr WARNING: The pretrained params head.gtc_head.decoder.1.cross_attn.q.bias not in model
[2026/10/04 16:55:32] ppocr WARNING: The pretrained params head.gtc_head.decoder.1.cross_attn.kv.weight not in model
[2026/10/04 16:55:32] ppocr WARNING: The pretrained params head.gtc_head.decoder.1.cross_attn.kv.bias not in model
[2026/10/04 16:55:32] ppocr WARNING: The pretrained params head.gtc_head.decoder.1.cross_attn.out_proj.weight not in model
[2026/10/04 16:55:32] ppocr WARNING: The pretrained params head.gtc_head.decoder.1.cross_attn.out_proj.bias not in model
[2026/10/04 16:55:32] ppocr WARNING: The pretrained params head.gtc_head.decoder.1.norm2.weight not in model
[2026/10/04 16:55:32] ppocr WARNING: The pretrained params head.gtc_head.decoder.1.norm2.bias not in model
[2026/10/04 16:55:32] ppocr WARNING: The pretrained params head.gtc_head.decoder.1.mlp.fc1.weight not in model
[2026/10/04 16:55:32] ppocr WARNING: The pretrained params head.gtc_head.decoder.1.mlp.fc1.bias not in model
[2026/10/04 16:55:32] ppocr WARNING: The pretrained params head.gtc_head.decoder.1.mlp.fc2.weight not in model
[2026/10/04 16:55:32] ppocr WARNING: The pretrained params head.gtc_head.decoder.1.mlp.fc2.bias not in model
[2026/10/04 16:55:32] ppocr WARNING: The pretrained params head.gtc_head.decoder.1.norm3.weight not in model
[2026/10/04 16:55:32] ppocr WARNING: The pretrained params head.gtc_head.decoder.1.norm3.bias not in model
[2026/10/04 16:55:32] ppocr WARNING: The pretrained params head.gtc_head.decoder.2.self_attn.qkv.weight not in model
[2026/10/04 16:55:32] ppocr WARNING: The pretrained params head.gtc_head.decoder.2.self_attn.qkv.bias not in model
[2026/10/04 16:55:32] ppocr WARNING: The pretrained params head.gtc_head.decoder.2.self_attn.out_proj.weight not in model
[2026/10/04 16:55:32] ppocr WARNING: The pretrained params head.gtc_head.decoder.2.self_attn.out_proj.bias not in model
[2026/10/04 16:55:32] ppocr WARNING: The pretrained params head.gtc_head.decoder.2.norm1.weight not in model
[2026/10/04 16:55:32] ppocr WARNING: The pretrained params head.gtc_head.decoder.2.norm1.bias not in model
[2026/10/04 16:55:32] ppocr WARNING: The pretrained params head.gtc_head.decoder.2.cross_attn.q.weight not in model
[2026/10/04 16:55:32] ppocr WARNING: The pretrained params head.gtc_head.decoder.2.cross_attn.q.bias not in model
[2026/10/04 16:55:32] ppocr WARNING: The pretrained params head.gtc_head.decoder.2.cross_attn.kv.weight not in model
[2026/10/04 16:55:32] ppocr WARNING: The pretrained params head.gtc_head.decoder.2.cross_attn.kv.bias not in model
[2026/10/04 16:55:32] ppocr WARNING: The pretrained params head.gtc_head.decoder.2.cross_attn.out_proj.weight not in model
[2026/10/04 16:55:32] ppocr WARNING: The pretrained params head.gtc_head.decoder.2.cross_attn.out_proj.bias not in model
[2026/10/04 16:55:32] ppocr WARNING: The pretrained params head.gtc_head.decoder.2.norm2.weight not in model
[2026/10/04 16:55:32] ppocr WARNING: The pretrained params head.gtc_head.decoder.2.norm2.bias not in model
[2026/10/04 16:55:32] ppocr WARNING: The pretrained params head.gtc_head.decoder.2.mlp.fc1.weight not in model
[2026/10/04 16:55:32] ppocr WARNING: The pretrained params head.gtc_head.decoder.2.mlp.fc1.bias not in model
[2026/10/04 16:55:32] ppocr WARNING: The pretrained params head.gtc_head.decoder.2.mlp.fc2.weight not in model
[2026/10/04 16:55:32] ppocr WARNING: The pretrained params head.gtc_head.decoder.2.mlp.fc2.bias not in model
[2026/10/04 16:55:32] ppocr WARNING: The pretrained params head.gtc_head.decoder.2.norm3.weight not in model
[2026/10/04 16:55:32] ppocr WARNING: The pretrained params head.gtc_head.decoder.2.norm3.bias not in model
[2026/10/04 16:55:32] ppocr WARNING: The pretrained params head.gtc_head.decoder.3.self_attn.qkv.weight not in model
[2026/10/04 16:55:32] ppocr WARNING: The pretrained params head.gtc_head.decoder.3.self_attn.qkv.bias not in model
[2026/10/04 16:55:32] ppocr WARNING: The pretrained params head.gtc_head.decoder.3.self_attn.out_proj.weight not in model
[2026/10/04 16:55:32] ppocr WARNING: The pretrained params head.gtc_head.decoder.3.self_attn.out_proj.bias not in model
[2026/10/04 16:55:32] ppocr WARNING: The pretrained params head.gtc_head.decoder.3.norm1.weight not in model
[2026/10/04 16:55:32] ppocr WARNING: The pretrained params head.gtc_head.decoder.3.norm1.bias not in model
[2026/10/04 16:55:32] ppocr WARNING: The pretrained params head.gtc_head.decoder.3.cross_attn.q.weight not in model
[2026/10/04 16:55:32] ppocr WARNING: The pretrained params head.gtc_head.decoder.3.cross_attn.q.bias not in model
[2026/10/04 16:55:32] ppocr WARNING: The pretrained params head.gtc_head.decoder.3.cross_attn.kv.weight not in model
[2026/10/04 16:55:32] ppocr WARNING: The pretrained params head.gtc_head.decoder.3.cross_attn.kv.bias not in model
[2026/10/04 16:55:32] ppocr WARNING: The pretrained params head.gtc_head.decoder.3.cross_attn.out_proj.weight not in model
[2026/10/04 16:55:32] ppocr WARNING: The pretrained params head.gtc_head.decoder.3.cross_attn.out_proj.bias not in model
[2026/10/04 16:55:32] ppocr WARNING: The pretrained params head.gtc_head.decoder.3.norm2.weight not in model
[2026/10/04 16:55:32] ppocr WARNING: The pretrained params head.gtc_head.decoder.3.norm2.bias not in model
[2026/10/04 16:55:32] ppocr WARNING: The pretrained params head.gtc_head.decoder.3.mlp.fc1.weight not in model
[2026/10/04 16:55:32] ppocr WARNING: The pretrained params head.gtc_head.decoder.3.mlp.fc1.bias not in model
[2026/10/04 16:55:32] ppocr WARNING: The pretrained params head.gtc_head.decoder.3.mlp.fc2.weight not in model
[2026/10/04 16:55:32] ppocr WARNING: The pretrained params head.gtc_head.decoder.3.mlp.fc2.bias not in model
[2026/10/04 16:55:32] ppocr WARNING: The pretrained params head.gtc_head.decoder.3.norm3.weight not in model
[2026/10/04 16:55:32] ppocr WARNING: The pretrained params head.gtc_head.decoder.3.norm3.bias not in model
[2026/10/04 16:55:32] ppocr WARNING: The pretrained params head.gtc_head.tgt_word_prj.weight not in model
[2026/10/04 16:55:32] ppocr INFO: load pretrain successful from D:/HocTap/Projects/NCKH-Medicare/dataset/processed/vaipe-ocr-crops/paddleocr/fine-tune/PP-OCRv5_mobile_rec_pretrained
[2026/10/04 16:55:32] ppocr INFO: During the training process, after the 0th iteration, an evaluation is run every 500 iterations
[2026/10/04 16:58:02] ppocr INFO: Architecture : 
[2026/10/04 16:58:02] ppocr INFO:     Backbone : 
[2026/10/04 16:58:02] ppocr INFO:         name : PPLCNetV3
[2026/10/04 16:58:02] ppocr INFO:         scale : 0.95
[2026/10/04 16:58:02] ppocr INFO:     Head : 
[2026/10/04 16:58:02] ppocr INFO:         head_list : 
[2026/10/04 16:58:02] ppocr INFO:             CTCHead : 
[2026/10/04 16:58:02] ppocr INFO:                 Head : 
[2026/10/04 16:58:02] ppocr INFO:                     fc_decay : 1e-05
[2026/10/04 16:58:02] ppocr INFO:                 Neck : 
[2026/10/04 16:58:02] ppocr INFO:                     depth : 2
[2026/10/04 16:58:02] ppocr INFO:                     dims : 120
[2026/10/04 16:58:02] ppocr INFO:                     hidden_dims : 120
[2026/10/04 16:58:02] ppocr INFO:                     kernel_size : [1, 3]
[2026/10/04 16:58:02] ppocr INFO:                     name : svtr
[2026/10/04 16:58:02] ppocr INFO:                     use_guide : True
[2026/10/04 16:58:02] ppocr INFO:             NRTRHead : 
[2026/10/04 16:58:02] ppocr INFO:                 max_text_length : 25
[2026/10/04 16:58:02] ppocr INFO:                 nrtr_dim : 384
[2026/10/04 16:58:02] ppocr INFO:         name : MultiHead
[2026/10/04 16:58:02] ppocr INFO:     Transform : None
[2026/10/04 16:58:02] ppocr INFO:     algorithm : SVTR_LCNet
[2026/10/04 16:58:02] ppocr INFO:     model_type : rec
[2026/10/04 16:58:02] ppocr INFO: Eval : 
[2026/10/04 16:58:02] ppocr INFO:     dataset : 
[2026/10/04 16:58:02] ppocr INFO:         data_dir : D:/HocTap/Projects/NCKH-Medicare/dataset/processed/vaipe-ocr-crops
[2026/10/04 16:58:02] ppocr INFO:         label_file_list : ['D:/HocTap/Projects/NCKH-Medicare/dataset/processed/vaipe-ocr-crops/paddleocr/rec_gt_validation.txt']
[2026/10/04 16:58:02] ppocr INFO:         name : SimpleDataSet
[2026/10/04 16:58:02] ppocr INFO:         transforms : 
[2026/10/04 16:58:02] ppocr INFO:             DecodeImage : 
[2026/10/04 16:58:02] ppocr INFO:                 channel_first : False
[2026/10/04 16:58:02] ppocr INFO:                 img_mode : BGR
[2026/10/04 16:58:02] ppocr INFO:             CTCLabelEncode : 
[2026/10/04 16:58:02] ppocr INFO:                 max_text_length : 25
[2026/10/04 16:58:02] ppocr INFO:             RecResizeImg : 
[2026/10/04 16:58:02] ppocr INFO:                 image_shape : [3, 48, 320]
[2026/10/04 16:58:02] ppocr INFO:             KeepKeys : 
[2026/10/04 16:58:02] ppocr INFO:                 keep_keys : ['image', 'label', 'length', 'valid_ratio']
[2026/10/04 16:58:02] ppocr INFO:     loader : 
[2026/10/04 16:58:02] ppocr INFO:         batch_size_per_card : 64
[2026/10/04 16:58:02] ppocr INFO:         drop_last : False
[2026/10/04 16:58:02] ppocr INFO:         num_workers : 2
[2026/10/04 16:58:02] ppocr INFO:         shuffle : False
[2026/10/04 16:58:02] ppocr INFO: Global : 
[2026/10/04 16:58:02] ppocr INFO:     cal_metric_during_train : True
[2026/10/04 16:58:02] ppocr INFO:     character_dict_path : D:/HocTap/Projects/NCKH-Medicare/dataset/processed/vaipe-ocr-crops/paddleocr/fine-tune/vaipe_vietnamese_dict.txt
[2026/10/04 16:58:02] ppocr INFO:     checkpoints : None
[2026/10/04 16:58:02] ppocr INFO:     d2s_train_image_shape : [3, 48, 320]
[2026/10/04 16:58:02] ppocr INFO:     debug : False
[2026/10/04 16:58:02] ppocr INFO:     distributed : False
[2026/10/04 16:58:02] ppocr INFO:     epoch_num : 1
[2026/10/04 16:58:02] ppocr INFO:     eval_batch_step : [0, 500]
[2026/10/04 16:58:02] ppocr INFO:     infer_mode : False
[2026/10/04 16:58:02] ppocr INFO:     log_smooth_window : 20
[2026/10/04 16:58:02] ppocr INFO:     model_name : vaipe_ppocrv5_mobile_rec
[2026/10/04 16:58:02] ppocr INFO:     pretrained_model : D:/HocTap/Projects/NCKH-Medicare/dataset/processed/vaipe-ocr-crops/paddleocr/fine-tune/PP-OCRv5_mobile_rec_pretrained.pdparams
[2026/10/04 16:58:02] ppocr INFO:     print_batch_step : 50
[2026/10/04 16:58:02] ppocr INFO:     save_epoch_step : 1
[2026/10/04 16:58:02] ppocr INFO:     save_model_dir : D:/HocTap/Projects/NCKH-Medicare/dataset/processed/vaipe-ocr-crops/paddleocr/fine-tune/model
[2026/10/04 16:58:02] ppocr INFO:     use_gpu : False
[2026/10/04 16:58:02] ppocr INFO:     use_space_char : True
[2026/10/04 16:58:02] ppocr INFO:     use_visualdl : False
[2026/10/04 16:58:02] ppocr INFO: Loss : 
[2026/10/04 16:58:02] ppocr INFO:     loss_config_list : 
[2026/10/04 16:58:02] ppocr INFO:         CTCLoss : None
[2026/10/04 16:58:02] ppocr INFO:         NRTRLoss : None
[2026/10/04 16:58:02] ppocr INFO:     name : MultiLoss
[2026/10/04 16:58:02] ppocr INFO: Metric : 
[2026/10/04 16:58:02] ppocr INFO:     main_indicator : acc
[2026/10/04 16:58:02] ppocr INFO:     name : RecMetric
[2026/10/04 16:58:02] ppocr INFO: Optimizer : 
[2026/10/04 16:58:02] ppocr INFO:     beta1 : 0.9
[2026/10/04 16:58:02] ppocr INFO:     beta2 : 0.999
[2026/10/04 16:58:02] ppocr INFO:     lr : 
[2026/10/04 16:58:02] ppocr INFO:         learning_rate : 5e-05
[2026/10/04 16:58:02] ppocr INFO:         name : Cosine
[2026/10/04 16:58:02] ppocr INFO:         warmup_epoch : 1
[2026/10/04 16:58:02] ppocr INFO:     name : Adam
[2026/10/04 16:58:02] ppocr INFO:     regularizer : 
[2026/10/04 16:58:02] ppocr INFO:         factor : 3e-05
[2026/10/04 16:58:02] ppocr INFO:         name : L2
[2026/10/04 16:58:02] ppocr INFO: PostProcess : 
[2026/10/04 16:58:02] ppocr INFO:     name : CTCLabelDecode
[2026/10/04 16:58:02] ppocr INFO: Train : 
[2026/10/04 16:58:02] ppocr INFO:     dataset : 
[2026/10/04 16:58:02] ppocr INFO:         data_dir : D:/HocTap/Projects/NCKH-Medicare/dataset/processed/vaipe-ocr-crops
[2026/10/04 16:58:02] ppocr INFO:         label_file_list : ['D:/HocTap/Projects/NCKH-Medicare/dataset/processed/vaipe-ocr-crops/paddleocr/rec_gt_train.txt']
[2026/10/04 16:58:02] ppocr INFO:         name : SimpleDataSet
[2026/10/04 16:58:02] ppocr INFO:         transforms : 
[2026/10/04 16:58:02] ppocr INFO:             DecodeImage : 
[2026/10/04 16:58:02] ppocr INFO:                 channel_first : False
[2026/10/04 16:58:02] ppocr INFO:                 img_mode : BGR
[2026/10/04 16:58:02] ppocr INFO:             CTCLabelEncode : 
[2026/10/04 16:58:02] ppocr INFO:                 max_text_length : 25
[2026/10/04 16:58:02] ppocr INFO:             RecResizeImg : 
[2026/10/04 16:58:02] ppocr INFO:                 image_shape : [3, 48, 320]
[2026/10/04 16:58:02] ppocr INFO:             KeepKeys : 
[2026/10/04 16:58:02] ppocr INFO:                 keep_keys : ['image', 'label', 'length', 'valid_ratio']
[2026/10/04 16:58:02] ppocr INFO:     loader : 
[2026/10/04 16:58:02] ppocr INFO:         batch_size_per_card : 64
[2026/10/04 16:58:02] ppocr INFO:         drop_last : False
[2026/10/04 16:58:02] ppocr INFO:         num_workers : 0
[2026/10/04 16:58:02] ppocr INFO:         shuffle : True
[2026/10/04 16:58:02] ppocr INFO: profiler_options : None
[2026/10/04 16:58:02] ppocr INFO: train with paddle 3.3.1 and device Place(cpu)
[2026/10/04 16:58:02] ppocr INFO: Initialize indexs of datasets:['D:/HocTap/Projects/NCKH-Medicare/dataset/processed/vaipe-ocr-crops/paddleocr/rec_gt_train.txt']
[2026/10/04 16:58:02] ppocr INFO: Initialize indexs of datasets:['D:/HocTap/Projects/NCKH-Medicare/dataset/processed/vaipe-ocr-crops/paddleocr/rec_gt_validation.txt']
[2026/10/04 16:58:05] ppocr INFO: train dataloader has 453 iters
[2026/10/04 16:58:05] ppocr INFO: valid dataloader has 96 iters
[2026/10/04 16:58:05] ppocr WARNING: The shape of model params head.ctc_head.fc.weight paddle.Size([120, 178]) not matched with loaded params head.ctc_head.fc.weight paddle.Size([120, 18385]) !
[2026/10/04 16:58:05] ppocr WARNING: The shape of model params head.ctc_head.fc.bias paddle.Size([178]) not matched with loaded params head.ctc_head.fc.bias paddle.Size([18385]) !
[2026/10/04 16:58:05] ppocr WARNING: The shape of model params head.gtc_head.embedding.embedding.weight paddle.Size([182, 384]) not matched with loaded params head.gtc_head.embedding.embedding.weight paddle.Size([18389, 384]) !
[2026/10/04 16:58:05] ppocr WARNING: The shape of model params head.gtc_head.tgt_word_prj.weight paddle.Size([384, 182]) not matched with loaded params head.gtc_head.tgt_word_prj.weight paddle.Size([384, 18389]) !
[2026/10/04 16:58:05] ppocr INFO: load pretrain successful from D:/HocTap/Projects/NCKH-Medicare/dataset/processed/vaipe-ocr-crops/paddleocr/fine-tune/PP-OCRv5_mobile_rec_pretrained
[2026/10/04 16:58:05] ppocr INFO: During the training process, after the 0th iteration, an evaluation is run every 500 iterations
[2026/10/04 17:00:17] ppocr INFO: Architecture : 
[2026/10/04 17:00:17] ppocr INFO:     Backbone : 
[2026/10/04 17:00:17] ppocr INFO:         name : PPLCNetV3
[2026/10/04 17:00:17] ppocr INFO:         scale : 0.95
[2026/10/04 17:00:17] ppocr INFO:     Head : 
[2026/10/04 17:00:17] ppocr INFO:         head_list : 
[2026/10/04 17:00:17] ppocr INFO:             CTCHead : 
[2026/10/04 17:00:17] ppocr INFO:                 Head : 
[2026/10/04 17:00:17] ppocr INFO:                     fc_decay : 1e-05
[2026/10/04 17:00:17] ppocr INFO:                 Neck : 
[2026/10/04 17:00:17] ppocr INFO:                     depth : 2
[2026/10/04 17:00:17] ppocr INFO:                     dims : 120
[2026/10/04 17:00:17] ppocr INFO:                     hidden_dims : 120
[2026/10/04 17:00:17] ppocr INFO:                     kernel_size : [1, 3]
[2026/10/04 17:00:17] ppocr INFO:                     name : svtr
[2026/10/04 17:00:17] ppocr INFO:                     use_guide : True
[2026/10/04 17:00:17] ppocr INFO:             NRTRHead : 
[2026/10/04 17:00:17] ppocr INFO:                 max_text_length : 25
[2026/10/04 17:00:17] ppocr INFO:                 nrtr_dim : 384
[2026/10/04 17:00:17] ppocr INFO:         name : MultiHead
[2026/10/04 17:00:17] ppocr INFO:     Transform : None
[2026/10/04 17:00:17] ppocr INFO:     algorithm : SVTR_LCNet
[2026/10/04 17:00:17] ppocr INFO:     model_type : rec
[2026/10/04 17:00:17] ppocr INFO: Eval : 
[2026/10/04 17:00:17] ppocr INFO:     dataset : 
[2026/10/04 17:00:17] ppocr INFO:         data_dir : D:/HocTap/Projects/NCKH-Medicare/dataset/processed/vaipe-ocr-crops
[2026/10/04 17:00:17] ppocr INFO:         label_file_list : ['D:/HocTap/Projects/NCKH-Medicare/dataset/processed/vaipe-ocr-crops/paddleocr/rec_gt_validation.txt']
[2026/10/04 17:00:17] ppocr INFO:         name : SimpleDataSet
[2026/10/04 17:00:17] ppocr INFO:         transforms : 
[2026/10/04 17:00:17] ppocr INFO:             DecodeImage : 
[2026/10/04 17:00:17] ppocr INFO:                 channel_first : False
[2026/10/04 17:00:17] ppocr INFO:                 img_mode : BGR
[2026/10/04 17:00:17] ppocr INFO:             MultiLabelEncode : 
[2026/10/04 17:00:17] ppocr INFO:                 gtc_encode : NRTRLabelEncode
[2026/10/04 17:00:17] ppocr INFO:                 max_text_length : 25
[2026/10/04 17:00:17] ppocr INFO:             RecResizeImg : 
[2026/10/04 17:00:17] ppocr INFO:                 image_shape : [3, 48, 320]
[2026/10/04 17:00:17] ppocr INFO:             KeepKeys : 
[2026/10/04 17:00:18] ppocr INFO:                 keep_keys : ['image', 'label_ctc', 'label_gtc', 'length', 'valid_ratio']
[2026/10/04 17:00:18] ppocr INFO:     loader : 
[2026/10/04 17:00:18] ppocr INFO:         batch_size_per_card : 64
[2026/10/04 17:00:18] ppocr INFO:         drop_last : False
[2026/10/04 17:00:18] ppocr INFO:         num_workers : 2
[2026/10/04 17:00:18] ppocr INFO:         shuffle : False
[2026/10/04 17:00:18] ppocr INFO: Global : 
[2026/10/04 17:00:18] ppocr INFO:     cal_metric_during_train : True
[2026/10/04 17:00:18] ppocr INFO:     character_dict_path : D:/HocTap/Projects/NCKH-Medicare/dataset/processed/vaipe-ocr-crops/paddleocr/fine-tune/vaipe_vietnamese_dict.txt
[2026/10/04 17:00:18] ppocr INFO:     checkpoints : None
[2026/10/04 17:00:18] ppocr INFO:     d2s_train_image_shape : [3, 48, 320]
[2026/10/04 17:00:18] ppocr INFO:     debug : False
[2026/10/04 17:00:18] ppocr INFO:     distributed : False
[2026/10/04 17:00:18] ppocr INFO:     epoch_num : 1
[2026/10/04 17:00:18] ppocr INFO:     eval_batch_step : [0, 500]
[2026/10/04 17:00:18] ppocr INFO:     infer_mode : False
[2026/10/04 17:00:18] ppocr INFO:     log_smooth_window : 20
[2026/10/04 17:00:18] ppocr INFO:     model_name : vaipe_ppocrv5_mobile_rec
[2026/10/04 17:00:18] ppocr INFO:     pretrained_model : D:/HocTap/Projects/NCKH-Medicare/dataset/processed/vaipe-ocr-crops/paddleocr/fine-tune/PP-OCRv5_mobile_rec_pretrained.pdparams
[2026/10/04 17:00:18] ppocr INFO:     print_batch_step : 50
[2026/10/04 17:00:18] ppocr INFO:     save_epoch_step : 1
[2026/10/04 17:00:18] ppocr INFO:     save_model_dir : D:/HocTap/Projects/NCKH-Medicare/dataset/processed/vaipe-ocr-crops/paddleocr/fine-tune/model
[2026/10/04 17:00:18] ppocr INFO:     use_gpu : False
[2026/10/04 17:00:18] ppocr INFO:     use_space_char : True
[2026/10/04 17:00:18] ppocr INFO:     use_visualdl : False
[2026/10/04 17:00:18] ppocr INFO: Loss : 
[2026/10/04 17:00:18] ppocr INFO:     loss_config_list : 
[2026/10/04 17:00:18] ppocr INFO:         CTCLoss : None
[2026/10/04 17:00:18] ppocr INFO:         NRTRLoss : None
[2026/10/04 17:00:18] ppocr INFO:     name : MultiLoss
[2026/10/04 17:00:18] ppocr INFO: Metric : 
[2026/10/04 17:00:18] ppocr INFO:     main_indicator : acc
[2026/10/04 17:00:18] ppocr INFO:     name : RecMetric
[2026/10/04 17:00:18] ppocr INFO: Optimizer : 
[2026/10/04 17:00:18] ppocr INFO:     beta1 : 0.9
[2026/10/04 17:00:18] ppocr INFO:     beta2 : 0.999
[2026/10/04 17:00:18] ppocr INFO:     lr : 
[2026/10/04 17:00:18] ppocr INFO:         learning_rate : 5e-05
[2026/10/04 17:00:18] ppocr INFO:         name : Cosine
[2026/10/04 17:00:18] ppocr INFO:         warmup_epoch : 1
[2026/10/04 17:00:18] ppocr INFO:     name : Adam
[2026/10/04 17:00:18] ppocr INFO:     regularizer : 
[2026/10/04 17:00:18] ppocr INFO:         factor : 3e-05
[2026/10/04 17:00:18] ppocr INFO:         name : L2
[2026/10/04 17:00:18] ppocr INFO: PostProcess : 
[2026/10/04 17:00:18] ppocr INFO:     name : CTCLabelDecode
[2026/10/04 17:00:18] ppocr INFO: Train : 
[2026/10/04 17:00:18] ppocr INFO:     dataset : 
[2026/10/04 17:00:18] ppocr INFO:         data_dir : D:/HocTap/Projects/NCKH-Medicare/dataset/processed/vaipe-ocr-crops
[2026/10/04 17:00:18] ppocr INFO:         label_file_list : ['D:/HocTap/Projects/NCKH-Medicare/dataset/processed/vaipe-ocr-crops/paddleocr/rec_gt_train.txt']
[2026/10/04 17:00:18] ppocr INFO:         name : SimpleDataSet
[2026/10/04 17:00:18] ppocr INFO:         transforms : 
[2026/10/04 17:00:18] ppocr INFO:             DecodeImage : 
[2026/10/04 17:00:18] ppocr INFO:                 channel_first : False
[2026/10/04 17:00:18] ppocr INFO:                 img_mode : BGR
[2026/10/04 17:00:18] ppocr INFO:             MultiLabelEncode : 
[2026/10/04 17:00:18] ppocr INFO:                 gtc_encode : NRTRLabelEncode
[2026/10/04 17:00:18] ppocr INFO:                 max_text_length : 25
[2026/10/04 17:00:18] ppocr INFO:             RecResizeImg : 
[2026/10/04 17:00:18] ppocr INFO:                 image_shape : [3, 48, 320]
[2026/10/04 17:00:18] ppocr INFO:             KeepKeys : 
[2026/10/04 17:00:18] ppocr INFO:                 keep_keys : ['image', 'label_ctc', 'label_gtc', 'length', 'valid_ratio']
[2026/10/04 17:00:18] ppocr INFO:     loader : 
[2026/10/04 17:00:18] ppocr INFO:         batch_size_per_card : 64
[2026/10/04 17:00:18] ppocr INFO:         drop_last : False
[2026/10/04 17:00:18] ppocr INFO:         num_workers : 0
[2026/10/04 17:00:18] ppocr INFO:         shuffle : True
[2026/10/04 17:00:18] ppocr INFO: profiler_options : None
[2026/10/04 17:00:18] ppocr INFO: train with paddle 3.3.1 and device Place(cpu)
[2026/10/04 17:00:18] ppocr INFO: Initialize indexs of datasets:['D:/HocTap/Projects/NCKH-Medicare/dataset/processed/vaipe-ocr-crops/paddleocr/rec_gt_train.txt']
[2026/10/04 17:00:18] ppocr INFO: Initialize indexs of datasets:['D:/HocTap/Projects/NCKH-Medicare/dataset/processed/vaipe-ocr-crops/paddleocr/rec_gt_validation.txt']
[2026/10/04 17:00:20] ppocr INFO: train dataloader has 453 iters
[2026/10/04 17:00:20] ppocr INFO: valid dataloader has 96 iters
[2026/10/04 17:00:20] ppocr WARNING: The shape of model params head.ctc_head.fc.weight paddle.Size([120, 178]) not matched with loaded params head.ctc_head.fc.weight paddle.Size([120, 18385]) !
[2026/10/04 17:00:20] ppocr WARNING: The shape of model params head.ctc_head.fc.bias paddle.Size([178]) not matched with loaded params head.ctc_head.fc.bias paddle.Size([18385]) !
[2026/10/04 17:00:20] ppocr WARNING: The shape of model params head.gtc_head.embedding.embedding.weight paddle.Size([182, 384]) not matched with loaded params head.gtc_head.embedding.embedding.weight paddle.Size([18389, 384]) !
[2026/10/04 17:00:20] ppocr WARNING: The shape of model params head.gtc_head.tgt_word_prj.weight paddle.Size([384, 182]) not matched with loaded params head.gtc_head.tgt_word_prj.weight paddle.Size([384, 18389]) !
[2026/10/04 17:00:20] ppocr INFO: load pretrain successful from D:/HocTap/Projects/NCKH-Medicare/dataset/processed/vaipe-ocr-crops/paddleocr/fine-tune/PP-OCRv5_mobile_rec_pretrained
[2026/10/04 17:00:20] ppocr INFO: During the training process, after the 0th iteration, an evaluation is run every 500 iterations
[2026/10/04 17:50:07] ppocr INFO: Architecture : 
[2026/10/04 17:50:07] ppocr INFO:     Backbone : 
[2026/10/04 17:50:07] ppocr INFO:         name : PPLCNetV3
[2026/10/04 17:50:07] ppocr INFO:         scale : 0.95
[2026/10/04 17:50:07] ppocr INFO:     Head : 
[2026/10/04 17:50:07] ppocr INFO:         head_list : 
[2026/10/04 17:50:07] ppocr INFO:             CTCHead : 
[2026/10/04 17:50:07] ppocr INFO:                 Head : 
[2026/10/04 17:50:07] ppocr INFO:                     fc_decay : 1e-05
[2026/10/04 17:50:07] ppocr INFO:                 Neck : 
[2026/10/04 17:50:07] ppocr INFO:                     depth : 2
[2026/10/04 17:50:07] ppocr INFO:                     dims : 120
[2026/10/04 17:50:07] ppocr INFO:                     hidden_dims : 120
[2026/10/04 17:50:07] ppocr INFO:                     kernel_size : [1, 3]
[2026/10/04 17:50:07] ppocr INFO:                     name : svtr
[2026/10/04 17:50:07] ppocr INFO:                     use_guide : True
[2026/10/04 17:50:07] ppocr INFO:             NRTRHead : 
[2026/10/04 17:50:07] ppocr INFO:                 max_text_length : 25
[2026/10/04 17:50:07] ppocr INFO:                 nrtr_dim : 384
[2026/10/04 17:50:07] ppocr INFO:         name : MultiHead
[2026/10/04 17:50:07] ppocr INFO:     Transform : None
[2026/10/04 17:50:07] ppocr INFO:     algorithm : SVTR_LCNet
[2026/10/04 17:50:07] ppocr INFO:     model_type : rec
[2026/10/04 17:50:07] ppocr INFO: Eval : 
[2026/10/04 17:50:07] ppocr INFO:     dataset : 
[2026/10/04 17:50:07] ppocr INFO:         data_dir : D:/HocTap/Projects/NCKH-Medicare/dataset/processed/vaipe-ocr-crops
[2026/10/04 17:50:07] ppocr INFO:         label_file_list : ['D:/HocTap/Projects/NCKH-Medicare/dataset/processed/vaipe-ocr-crops/paddleocr/rec_gt_validation.txt']
[2026/10/04 17:50:07] ppocr INFO:         name : SimpleDataSet
[2026/10/04 17:50:07] ppocr INFO:         transforms : 
[2026/10/04 17:50:07] ppocr INFO:             DecodeImage : 
[2026/10/04 17:50:07] ppocr INFO:                 channel_first : False
[2026/10/04 17:50:07] ppocr INFO:                 img_mode : BGR
[2026/10/04 17:50:07] ppocr INFO:             MultiLabelEncode : 
[2026/10/04 17:50:07] ppocr INFO:                 gtc_encode : NRTRLabelEncode
[2026/10/04 17:50:07] ppocr INFO:                 max_text_length : 25
[2026/10/04 17:50:07] ppocr INFO:             RecResizeImg : 
[2026/10/04 17:50:07] ppocr INFO:                 image_shape : [3, 48, 320]
[2026/10/04 17:50:07] ppocr INFO:             KeepKeys : 
[2026/10/04 17:50:07] ppocr INFO:                 keep_keys : ['image', 'label_ctc', 'label_gtc', 'length', 'valid_ratio']
[2026/10/04 17:50:07] ppocr INFO:     loader : 
[2026/10/04 17:50:07] ppocr INFO:         batch_size_per_card : 64
[2026/10/04 17:50:07] ppocr INFO:         drop_last : False
[2026/10/04 17:50:07] ppocr INFO:         num_workers : 2
[2026/10/04 17:50:07] ppocr INFO:         shuffle : False
[2026/10/04 17:50:07] ppocr INFO: Global : 
[2026/10/04 17:50:07] ppocr INFO:     cal_metric_during_train : True
[2026/10/04 17:50:07] ppocr INFO:     character_dict_path : D:/HocTap/Projects/NCKH-Medicare/dataset/processed/vaipe-ocr-crops/paddleocr/fine-tune/vaipe_vietnamese_dict.txt
[2026/10/04 17:50:07] ppocr INFO:     checkpoints : None
[2026/10/04 17:50:07] ppocr INFO:     d2s_train_image_shape : [3, 48, 320]
[2026/10/04 17:50:07] ppocr INFO:     debug : False
[2026/10/04 17:50:07] ppocr INFO:     distributed : False
[2026/10/04 17:50:07] ppocr INFO:     epoch_num : 5
[2026/10/04 17:50:07] ppocr INFO:     eval_batch_step : [0, 500]
[2026/10/04 17:50:07] ppocr INFO:     infer_mode : False
[2026/10/04 17:50:07] ppocr INFO:     log_smooth_window : 20
[2026/10/04 17:50:07] ppocr INFO:     model_name : vaipe_ppocrv5_mobile_rec
[2026/10/04 17:50:07] ppocr INFO:     pretrained_model : D:/HocTap/Projects/NCKH-Medicare/dataset/processed/vaipe-ocr-crops/paddleocr/fine-tune/PP-OCRv5_mobile_rec_pretrained.pdparams
[2026/10/04 17:50:07] ppocr INFO:     print_batch_step : 50
[2026/10/04 17:50:07] ppocr INFO:     save_epoch_step : 1
[2026/10/04 17:50:07] ppocr INFO:     save_model_dir : D:/HocTap/Projects/NCKH-Medicare/dataset/processed/vaipe-ocr-crops/paddleocr/fine-tune/model
[2026/10/04 17:50:07] ppocr INFO:     use_gpu : True
[2026/10/04 17:50:07] ppocr INFO:     use_space_char : True
[2026/10/04 17:50:07] ppocr INFO:     use_visualdl : False
[2026/10/04 17:50:07] ppocr INFO: Loss : 
[2026/10/04 17:50:07] ppocr INFO:     loss_config_list : 
[2026/10/04 17:50:07] ppocr INFO:         CTCLoss : None
[2026/10/04 17:50:07] ppocr INFO:         NRTRLoss : None
[2026/10/04 17:50:07] ppocr INFO:     name : MultiLoss
[2026/10/04 17:50:07] ppocr INFO: Metric : 
[2026/10/04 17:50:07] ppocr INFO:     main_indicator : acc
[2026/10/04 17:50:07] ppocr INFO:     name : RecMetric
[2026/10/04 17:50:07] ppocr INFO: Optimizer : 
[2026/10/04 17:50:07] ppocr INFO:     beta1 : 0.9
[2026/10/04 17:50:07] ppocr INFO:     beta2 : 0.999
[2026/10/04 17:50:07] ppocr INFO:     lr : 
[2026/10/04 17:50:07] ppocr INFO:         learning_rate : 5e-05
[2026/10/04 17:50:07] ppocr INFO:         name : Cosine
[2026/10/04 17:50:07] ppocr INFO:         warmup_epoch : 1
[2026/10/04 17:50:07] ppocr INFO:     name : Adam
[2026/10/04 17:50:07] ppocr INFO:     regularizer : 
[2026/10/04 17:50:07] ppocr INFO:         factor : 3e-05
[2026/10/04 17:50:07] ppocr INFO:         name : L2
[2026/10/04 17:50:07] ppocr INFO: PostProcess : 
[2026/10/04 17:50:07] ppocr INFO:     name : CTCLabelDecode
[2026/10/04 17:50:07] ppocr INFO: Train : 
[2026/10/04 17:50:07] ppocr INFO:     dataset : 
[2026/10/04 17:50:07] ppocr INFO:         data_dir : D:/HocTap/Projects/NCKH-Medicare/dataset/processed/vaipe-ocr-crops
[2026/10/04 17:50:07] ppocr INFO:         label_file_list : ['D:/HocTap/Projects/NCKH-Medicare/dataset/processed/vaipe-ocr-crops/paddleocr/rec_gt_train.txt']
[2026/10/04 17:50:07] ppocr INFO:         name : SimpleDataSet
[2026/10/04 17:50:07] ppocr INFO:         transforms : 
[2026/10/04 17:50:07] ppocr INFO:             DecodeImage : 
[2026/10/04 17:50:07] ppocr INFO:                 channel_first : False
[2026/10/04 17:50:07] ppocr INFO:                 img_mode : BGR
[2026/10/04 17:50:07] ppocr INFO:             MultiLabelEncode : 
[2026/10/04 17:50:07] ppocr INFO:                 gtc_encode : NRTRLabelEncode
[2026/10/04 17:50:07] ppocr INFO:                 max_text_length : 25
[2026/10/04 17:50:07] ppocr INFO:             RecResizeImg : 
[2026/10/04 17:50:07] ppocr INFO:                 image_shape : [3, 48, 320]
[2026/10/04 17:50:07] ppocr INFO:             KeepKeys : 
[2026/10/04 17:50:07] ppocr INFO:                 keep_keys : ['image', 'label_ctc', 'label_gtc', 'length', 'valid_ratio']
[2026/10/04 17:50:07] ppocr INFO:     loader : 
[2026/10/04 17:50:07] ppocr INFO:         batch_size_per_card : 64
[2026/10/04 17:50:07] ppocr INFO:         drop_last : False
[2026/10/04 17:50:07] ppocr INFO:         num_workers : 2
[2026/10/04 17:50:07] ppocr INFO:         shuffle : True
[2026/10/04 17:50:07] ppocr INFO: profiler_options : None
[2026/10/04 17:50:07] ppocr INFO: train with paddle 3.3.0 and device Place(gpu:0)
[2026/10/04 17:50:07] ppocr INFO: Initialize indexs of datasets:['D:/HocTap/Projects/NCKH-Medicare/dataset/processed/vaipe-ocr-crops/paddleocr/rec_gt_train.txt']
[2026/10/04 17:50:07] ppocr INFO: Initialize indexs of datasets:['D:/HocTap/Projects/NCKH-Medicare/dataset/processed/vaipe-ocr-crops/paddleocr/rec_gt_validation.txt']
[2026/10/04 17:50:08] ppocr INFO: train dataloader has 453 iters
[2026/10/04 17:50:08] ppocr INFO: valid dataloader has 96 iters
[2026/10/04 17:50:09] ppocr WARNING: The shape of model params head.ctc_head.fc.weight paddle.Size([120, 178]) not matched with loaded params head.ctc_head.fc.weight paddle.Size([120, 18385]) !
[2026/10/04 17:50:09] ppocr WARNING: The shape of model params head.ctc_head.fc.bias paddle.Size([178]) not matched with loaded params head.ctc_head.fc.bias paddle.Size([18385]) !
[2026/10/04 17:50:09] ppocr WARNING: The shape of model params head.gtc_head.embedding.embedding.weight paddle.Size([182, 384]) not matched with loaded params head.gtc_head.embedding.embedding.weight paddle.Size([18389, 384]) !
[2026/10/04 17:50:09] ppocr WARNING: The shape of model params head.gtc_head.tgt_word_prj.weight paddle.Size([384, 182]) not matched with loaded params head.gtc_head.tgt_word_prj.weight paddle.Size([384, 18389]) !
[2026/10/04 17:50:09] ppocr INFO: load pretrain successful from D:/HocTap/Projects/NCKH-Medicare/dataset/processed/vaipe-ocr-crops/paddleocr/fine-tune/PP-OCRv5_mobile_rec_pretrained
[2026/10/04 17:50:09] ppocr INFO: During the training process, after the 0th iteration, an evaluation is run every 500 iterations
[2026/10/04 17:51:18] ppocr INFO: Architecture : 
[2026/10/04 17:51:18] ppocr INFO:     Backbone : 
[2026/10/04 17:51:18] ppocr INFO:         name : PPLCNetV3
[2026/10/04 17:51:18] ppocr INFO:         scale : 0.95
[2026/10/04 17:51:18] ppocr INFO:     Head : 
[2026/10/04 17:51:18] ppocr INFO:         head_list : 
[2026/10/04 17:51:18] ppocr INFO:             CTCHead : 
[2026/10/04 17:51:18] ppocr INFO:                 Head : 
[2026/10/04 17:51:18] ppocr INFO:                     fc_decay : 1e-05
[2026/10/04 17:51:18] ppocr INFO:                 Neck : 
[2026/10/04 17:51:18] ppocr INFO:                     depth : 2
[2026/10/04 17:51:18] ppocr INFO:                     dims : 120
[2026/10/04 17:51:18] ppocr INFO:                     hidden_dims : 120
[2026/10/04 17:51:18] ppocr INFO:                     kernel_size : [1, 3]
[2026/10/04 17:51:18] ppocr INFO:                     name : svtr
[2026/10/04 17:51:18] ppocr INFO:                     use_guide : True
[2026/10/04 17:51:18] ppocr INFO:             NRTRHead : 
[2026/10/04 17:51:18] ppocr INFO:                 max_text_length : 25
[2026/10/04 17:51:18] ppocr INFO:                 nrtr_dim : 384
[2026/10/04 17:51:18] ppocr INFO:         name : MultiHead
[2026/10/04 17:51:18] ppocr INFO:     Transform : None
[2026/10/04 17:51:18] ppocr INFO:     algorithm : SVTR_LCNet
[2026/10/04 17:51:18] ppocr INFO:     model_type : rec
[2026/10/04 17:51:18] ppocr INFO: Eval : 
[2026/10/04 17:51:18] ppocr INFO:     dataset : 
[2026/10/04 17:51:18] ppocr INFO:         data_dir : D:/HocTap/Projects/NCKH-Medicare/dataset/processed/vaipe-ocr-crops
[2026/10/04 17:51:18] ppocr INFO:         label_file_list : ['D:/HocTap/Projects/NCKH-Medicare/dataset/processed/vaipe-ocr-crops/paddleocr/rec_gt_validation.txt']
[2026/10/04 17:51:18] ppocr INFO:         name : SimpleDataSet
[2026/10/04 17:51:18] ppocr INFO:         transforms : 
[2026/10/04 17:51:18] ppocr INFO:             DecodeImage : 
[2026/10/04 17:51:18] ppocr INFO:                 channel_first : False
[2026/10/04 17:51:18] ppocr INFO:                 img_mode : BGR
[2026/10/04 17:51:18] ppocr INFO:             MultiLabelEncode : 
[2026/10/04 17:51:18] ppocr INFO:                 gtc_encode : NRTRLabelEncode
[2026/10/04 17:51:18] ppocr INFO:                 max_text_length : 25
[2026/10/04 17:51:18] ppocr INFO:             RecResizeImg : 
[2026/10/04 17:51:18] ppocr INFO:                 image_shape : [3, 48, 320]
[2026/10/04 17:51:18] ppocr INFO:             KeepKeys : 
[2026/10/04 17:51:18] ppocr INFO:                 keep_keys : ['image', 'label_ctc', 'label_gtc', 'length', 'valid_ratio']
[2026/10/04 17:51:18] ppocr INFO:     loader : 
[2026/10/04 17:51:18] ppocr INFO:         batch_size_per_card : 8
[2026/10/04 17:51:18] ppocr INFO:         drop_last : False
[2026/10/04 17:51:18] ppocr INFO:         num_workers : 2
[2026/10/04 17:51:18] ppocr INFO:         shuffle : False
[2026/10/04 17:51:18] ppocr INFO: Global : 
[2026/10/04 17:51:18] ppocr INFO:     cal_metric_during_train : True
[2026/10/04 17:51:18] ppocr INFO:     character_dict_path : D:/HocTap/Projects/NCKH-Medicare/dataset/processed/vaipe-ocr-crops/paddleocr/fine-tune/vaipe_vietnamese_dict.txt
[2026/10/04 17:51:18] ppocr INFO:     checkpoints : None
[2026/10/04 17:51:18] ppocr INFO:     d2s_train_image_shape : [3, 48, 320]
[2026/10/04 17:51:18] ppocr INFO:     debug : False
[2026/10/04 17:51:18] ppocr INFO:     distributed : False
[2026/10/04 17:51:18] ppocr INFO:     epoch_num : 5
[2026/10/04 17:51:18] ppocr INFO:     eval_batch_step : [0, 500]
[2026/10/04 17:51:18] ppocr INFO:     infer_mode : False
[2026/10/04 17:51:18] ppocr INFO:     log_smooth_window : 20
[2026/10/04 17:51:18] ppocr INFO:     model_name : vaipe_ppocrv5_mobile_rec
[2026/10/04 17:51:18] ppocr INFO:     pretrained_model : D:/HocTap/Projects/NCKH-Medicare/dataset/processed/vaipe-ocr-crops/paddleocr/fine-tune/PP-OCRv5_mobile_rec_pretrained.pdparams
[2026/10/04 17:51:18] ppocr INFO:     print_batch_step : 50
[2026/10/04 17:51:18] ppocr INFO:     save_epoch_step : 1
[2026/10/04 17:51:18] ppocr INFO:     save_model_dir : D:/HocTap/Projects/NCKH-Medicare/dataset/processed/vaipe-ocr-crops/paddleocr/fine-tune/model
[2026/10/04 17:51:18] ppocr INFO:     use_gpu : True
[2026/10/04 17:51:18] ppocr INFO:     use_space_char : True
[2026/10/04 17:51:18] ppocr INFO:     use_visualdl : False
[2026/10/04 17:51:18] ppocr INFO: Loss : 
[2026/10/04 17:51:18] ppocr INFO:     loss_config_list : 
[2026/10/04 17:51:18] ppocr INFO:         CTCLoss : None
[2026/10/04 17:51:18] ppocr INFO:         NRTRLoss : None
[2026/10/04 17:51:18] ppocr INFO:     name : MultiLoss
[2026/10/04 17:51:18] ppocr INFO: Metric : 
[2026/10/04 17:51:18] ppocr INFO:     main_indicator : acc
[2026/10/04 17:51:18] ppocr INFO:     name : RecMetric
[2026/10/04 17:51:18] ppocr INFO: Optimizer : 
[2026/10/04 17:51:18] ppocr INFO:     beta1 : 0.9
[2026/10/04 17:51:18] ppocr INFO:     beta2 : 0.999
[2026/10/04 17:51:18] ppocr INFO:     lr : 
[2026/10/04 17:51:18] ppocr INFO:         learning_rate : 5e-05
[2026/10/04 17:51:18] ppocr INFO:         name : Cosine
[2026/10/04 17:51:18] ppocr INFO:         warmup_epoch : 1
[2026/10/04 17:51:18] ppocr INFO:     name : Adam
[2026/10/04 17:51:18] ppocr INFO:     regularizer : 
[2026/10/04 17:51:18] ppocr INFO:         factor : 3e-05
[2026/10/04 17:51:18] ppocr INFO:         name : L2
[2026/10/04 17:51:18] ppocr INFO: PostProcess : 
[2026/10/04 17:51:18] ppocr INFO:     name : CTCLabelDecode
[2026/10/04 17:51:18] ppocr INFO: Train : 
[2026/10/04 17:51:18] ppocr INFO:     dataset : 
[2026/10/04 17:51:18] ppocr INFO:         data_dir : D:/HocTap/Projects/NCKH-Medicare/dataset/processed/vaipe-ocr-crops
[2026/10/04 17:51:18] ppocr INFO:         label_file_list : ['D:/HocTap/Projects/NCKH-Medicare/dataset/processed/vaipe-ocr-crops/paddleocr/rec_gt_train.txt']
[2026/10/04 17:51:18] ppocr INFO:         name : SimpleDataSet
[2026/10/04 17:51:18] ppocr INFO:         transforms : 
[2026/10/04 17:51:18] ppocr INFO:             DecodeImage : 
[2026/10/04 17:51:18] ppocr INFO:                 channel_first : False
[2026/10/04 17:51:18] ppocr INFO:                 img_mode : BGR
[2026/10/04 17:51:18] ppocr INFO:             MultiLabelEncode : 
[2026/10/04 17:51:18] ppocr INFO:                 gtc_encode : NRTRLabelEncode
[2026/10/04 17:51:18] ppocr INFO:                 max_text_length : 25
[2026/10/04 17:51:18] ppocr INFO:             RecResizeImg : 
[2026/10/04 17:51:18] ppocr INFO:                 image_shape : [3, 48, 320]
[2026/10/04 17:51:18] ppocr INFO:             KeepKeys : 
[2026/10/04 17:51:18] ppocr INFO:                 keep_keys : ['image', 'label_ctc', 'label_gtc', 'length', 'valid_ratio']
[2026/10/04 17:51:18] ppocr INFO:     loader : 
[2026/10/04 17:51:18] ppocr INFO:         batch_size_per_card : 8
[2026/10/04 17:51:18] ppocr INFO:         drop_last : False
[2026/10/04 17:51:18] ppocr INFO:         num_workers : 0
[2026/10/04 17:51:18] ppocr INFO:         shuffle : True
[2026/10/04 17:51:18] ppocr INFO: profiler_options : None
[2026/10/04 17:51:18] ppocr INFO: train with paddle 3.3.0 and device Place(gpu:0)
[2026/10/04 17:51:18] ppocr INFO: Initialize indexs of datasets:['D:/HocTap/Projects/NCKH-Medicare/dataset/processed/vaipe-ocr-crops/paddleocr/rec_gt_train.txt']
[2026/10/04 17:51:18] ppocr INFO: Initialize indexs of datasets:['D:/HocTap/Projects/NCKH-Medicare/dataset/processed/vaipe-ocr-crops/paddleocr/rec_gt_validation.txt']
[2026/10/04 17:51:20] ppocr INFO: train dataloader has 3618 iters
[2026/10/04 17:51:20] ppocr INFO: valid dataloader has 764 iters
[2026/10/04 17:51:20] ppocr WARNING: The shape of model params head.ctc_head.fc.weight paddle.Size([120, 178]) not matched with loaded params head.ctc_head.fc.weight paddle.Size([120, 18385]) !
[2026/10/04 17:51:20] ppocr WARNING: The shape of model params head.ctc_head.fc.bias paddle.Size([178]) not matched with loaded params head.ctc_head.fc.bias paddle.Size([18385]) !
[2026/10/04 17:51:20] ppocr WARNING: The shape of model params head.gtc_head.embedding.embedding.weight paddle.Size([182, 384]) not matched with loaded params head.gtc_head.embedding.embedding.weight paddle.Size([18389, 384]) !
[2026/10/04 17:51:20] ppocr WARNING: The shape of model params head.gtc_head.tgt_word_prj.weight paddle.Size([384, 182]) not matched with loaded params head.gtc_head.tgt_word_prj.weight paddle.Size([384, 18389]) !
[2026/10/04 17:51:20] ppocr INFO: load pretrain successful from D:/HocTap/Projects/NCKH-Medicare/dataset/processed/vaipe-ocr-crops/paddleocr/fine-tune/PP-OCRv5_mobile_rec_pretrained
[2026/10/04 17:51:20] ppocr INFO: During the training process, after the 0th iteration, an evaluation is run every 500 iterations
[2026/10/04 17:51:31] ppocr INFO: epoch: [1/5], global_step: 50, lr: 0.000001, acc: 0.000000, norm_edit_dis: 0.022768, CTCLoss: 183.798897, NRTRLoss: 7.266870, loss: 191.019859, avg_reader_cost: 0.00294 s, avg_batch_cost: 0.22406 s, avg_samples: 8.0, ips: 35.70465 samples/s, eta: 1:07:22, max_mem_reserved: 1791 MB, max_mem_allocated: 1684 MB
[2026/10/04 17:51:41] ppocr INFO: epoch: [1/5], global_step: 100, lr: 0.000001, acc: 0.000000, norm_edit_dis: 0.022077, CTCLoss: 184.246384, NRTRLoss: 6.694890, loss: 190.983063, avg_reader_cost: 0.00206 s, avg_batch_cost: 0.19487 s, avg_samples: 8.0, ips: 41.05245 samples/s, eta: 1:02:48, max_mem_reserved: 1791 MB, max_mem_allocated: 1686 MB
[2026/10/04 17:51:55] ppocr INFO: epoch: [1/5], global_step: 150, lr: 0.000002, acc: 0.000000, norm_edit_dis: 0.021875, CTCLoss: 182.218826, NRTRLoss: 5.760286, loss: 188.110397, avg_reader_cost: 0.00320 s, avg_batch_cost: 0.28311 s, avg_samples: 8.0, ips: 28.25725 samples/s, eta: 1:09:58, max_mem_reserved: 1791 MB, max_mem_allocated: 1686 MB
[2026/10/04 17:52:18] ppocr INFO: epoch: [1/5], global_step: 200, lr: 0.000003, acc: 0.000000, norm_edit_dis: 0.026655, CTCLoss: 180.173195, NRTRLoss: 5.219162, loss: 185.402092, avg_reader_cost: 0.00511 s, avg_batch_cost: 0.46535 s, avg_samples: 8.0, ips: 17.19145 samples/s, eta: 1:27:01, max_mem_reserved: 1791 MB, max_mem_allocated: 1686 MB
[2026/10/04 17:52:42] ppocr INFO: epoch: [1/5], global_step: 250, lr: 0.000003, acc: 0.000000, norm_edit_dis: 0.025701, CTCLoss: 177.740265, NRTRLoss: 4.943762, loss: 182.840202, avg_reader_cost: 0.00725 s, avg_batch_cost: 0.48073 s, avg_samples: 8.0, ips: 16.64126 samples/s, eta: 1:38:00, max_mem_reserved: 1791 MB, max_mem_allocated: 1686 MB
[2026/10/04 17:53:02] ppocr INFO: epoch: [1/5], global_step: 300, lr: 0.000004, acc: 0.000000, norm_edit_dis: 0.029180, CTCLoss: 171.775223, NRTRLoss: 4.596296, loss: 176.446014, avg_reader_cost: 0.00457 s, avg_batch_cost: 0.39816 s, avg_samples: 8.0, ips: 20.09246 samples/s, eta: 1:41:07, max_mem_reserved: 1791 MB, max_mem_allocated: 1686 MB
[2026/10/04 17:53:23] ppocr INFO: epoch: [1/5], global_step: 350, lr: 0.000005, acc: 0.000000, norm_edit_dis: 0.026425, CTCLoss: 170.297157, NRTRLoss: 4.293108, loss: 174.440155, avg_reader_cost: 0.00494 s, avg_batch_cost: 0.40920 s, avg_samples: 8.0, ips: 19.55051 samples/s, eta: 1:43:42, max_mem_reserved: 1791 MB, max_mem_allocated: 1686 MB
[2026/10/04 17:53:43] ppocr INFO: epoch: [1/5], global_step: 400, lr: 0.000005, acc: 0.000000, norm_edit_dis: 0.032593, CTCLoss: 165.013779, NRTRLoss: 4.157244, loss: 169.277061, avg_reader_cost: 0.00484 s, avg_batch_cost: 0.40364 s, avg_samples: 8.0, ips: 19.81965 samples/s, eta: 1:45:22, max_mem_reserved: 1791 MB, max_mem_allocated: 1686 MB
[2026/10/04 17:54:03] ppocr INFO: epoch: [1/5], global_step: 450, lr: 0.000006, acc: 0.000000, norm_edit_dis: 0.033175, CTCLoss: 157.046585, NRTRLoss: 3.949782, loss: 160.970963, avg_reader_cost: 0.00454 s, avg_batch_cost: 0.40860 s, avg_samples: 8.0, ips: 19.57887 samples/s, eta: 1:46:44, max_mem_reserved: 1791 MB, max_mem_allocated: 1686 MB
[2026/10/04 17:54:23] ppocr INFO: epoch: [1/5], global_step: 500, lr: 0.000007, acc: 0.000000, norm_edit_dis: 0.029679, CTCLoss: 152.656105, NRTRLoss: 3.707670, loss: 156.354370, avg_reader_cost: 0.00467 s, avg_batch_cost: 0.39350 s, avg_samples: 8.0, ips: 20.33044 samples/s, eta: 1:47:20, max_mem_reserved: 1791 MB, max_mem_allocated: 1686 MB
[2026/10/04 17:55:40] ppocr INFO: cur metric, acc: 0.0, norm_edit_dis: 0.03789012013704207, fps: 81.78413710293447
[2026/10/04 17:55:44] ppocr INFO: save best model is to D:/HocTap/Projects/NCKH-Medicare/dataset/processed/vaipe-ocr-crops/paddleocr/fine-tune/model\best_accuracy
[2026/10/04 17:55:44] ppocr INFO: best metric, acc: 0.0, is_float16: False, norm_edit_dis: 0.03789012013704207, fps: 81.78413710293447, best_epoch: 1
[2026/10/04 17:56:04] ppocr INFO: epoch: [1/5], global_step: 550, lr: 0.000007, acc: 0.000000, norm_edit_dis: 0.036508, CTCLoss: 142.249352, NRTRLoss: 3.671236, loss: 145.771858, avg_reader_cost: 0.00462 s, avg_batch_cost: 0.39584 s, avg_samples: 8.0, ips: 20.21026 samples/s, eta: 1:47:49, max_mem_reserved: 1791 MB, max_mem_allocated: 1686 MB
[2026/10/04 17:56:23] ppocr INFO: epoch: [1/5], global_step: 600, lr: 0.000008, acc: 0.000000, norm_edit_dis: 0.041762, CTCLoss: 131.026718, NRTRLoss: 3.383116, loss: 134.639549, avg_reader_cost: 0.00430 s, avg_batch_cost: 0.37485 s, avg_samples: 8.0, ips: 21.34207 samples/s, eta: 1:47:39, max_mem_reserved: 1791 MB, max_mem_allocated: 1686 MB
[2026/10/04 17:56:42] ppocr INFO: epoch: [1/5], global_step: 650, lr: 0.000009, acc: 0.000000, norm_edit_dis: 0.038062, CTCLoss: 122.604820, NRTRLoss: 3.098716, loss: 126.012589, avg_reader_cost: 0.00450 s, avg_batch_cost: 0.38283 s, avg_samples: 8.0, ips: 20.89682 samples/s, eta: 1:47:39, max_mem_reserved: 1791 MB, max_mem_allocated: 1686 MB
[2026/10/04 17:57:00] ppocr INFO: epoch: [1/5], global_step: 700, lr: 0.000010, acc: 0.000000, norm_edit_dis: 0.046463, CTCLoss: 110.714024, NRTRLoss: 2.891740, loss: 113.726654, avg_reader_cost: 0.00445 s, avg_batch_cost: 0.37201 s, avg_samples: 8.0, ips: 21.50486 samples/s, eta: 1:47:22, max_mem_reserved: 1791 MB, max_mem_allocated: 1686 MB
[2026/10/04 17:57:19] ppocr INFO: epoch: [1/5], global_step: 750, lr: 0.000010, acc: 0.000000, norm_edit_dis: 0.042058, CTCLoss: 100.358105, NRTRLoss: 2.661774, loss: 102.936234, avg_reader_cost: 0.00458 s, avg_batch_cost: 0.38252 s, avg_samples: 8.0, ips: 20.91415 samples/s, eta: 1:47:18, max_mem_reserved: 1791 MB, max_mem_allocated: 1686 MB
[2026/10/04 17:57:39] ppocr INFO: epoch: [1/5], global_step: 800, lr: 0.000011, acc: 0.000000, norm_edit_dis: 0.043162, CTCLoss: 94.992142, NRTRLoss: 2.499005, loss: 97.251949, avg_reader_cost: 0.00424 s, avg_batch_cost: 0.38246 s, avg_samples: 8.0, ips: 20.91709 samples/s, eta: 1:47:11, max_mem_reserved: 1791 MB, max_mem_allocated: 1686 MB
[2026/10/04 17:57:58] ppocr INFO: epoch: [1/5], global_step: 850, lr: 0.000012, acc: 0.000000, norm_edit_dis: 0.051596, CTCLoss: 90.160427, NRTRLoss: 2.098264, loss: 92.481483, avg_reader_cost: 0.00444 s, avg_batch_cost: 0.38158 s, avg_samples: 8.0, ips: 20.96546 samples/s, eta: 1:47:02, max_mem_reserved: 1791 MB, max_mem_allocated: 1686 MB
[2026/10/04 17:58:16] ppocr INFO: epoch: [1/5], global_step: 900, lr: 0.000012, acc: 0.000000, norm_edit_dis: 0.075028, CTCLoss: 86.715900, NRTRLoss: 2.191257, loss: 89.194466, avg_reader_cost: 0.00438 s, avg_batch_cost: 0.36886 s, avg_samples: 8.0, ips: 21.68872 samples/s, eta: 1:46:40, max_mem_reserved: 1791 MB, max_mem_allocated: 1686 MB
[2026/10/04 17:58:38] ppocr INFO: epoch: [1/5], global_step: 950, lr: 0.000013, acc: 0.000000, norm_edit_dis: 0.085390, CTCLoss: 77.760254, NRTRLoss: 2.181084, loss: 80.025497, avg_reader_cost: 0.00521 s, avg_batch_cost: 0.43736 s, avg_samples: 8.0, ips: 18.29158 samples/s, eta: 1:47:20, max_mem_reserved: 1791 MB, max_mem_allocated: 1686 MB
[2026/10/04 17:58:48] ppocr INFO: epoch: [1/5], global_step: 1000, lr: 0.000014, acc: 0.000000, norm_edit_dis: 0.113469, CTCLoss: 76.438980, NRTRLoss: 1.989673, loss: 78.371212, avg_reader_cost: 0.00247 s, avg_batch_cost: 0.20691 s, avg_samples: 8.0, ips: 38.66471 samples/s, eta: 1:44:37, max_mem_reserved: 1791 MB, max_mem_allocated: 1686 MB
[2026/10/04 17:59:30] ppocr INFO: cur metric, acc: 0.00016382699842099117, norm_edit_dis: 0.10463693158159315, fps: 150.4102337769997
[2026/10/04 17:59:32] ppocr INFO: save best model is to D:/HocTap/Projects/NCKH-Medicare/dataset/processed/vaipe-ocr-crops/paddleocr/fine-tune/model\best_accuracy
[2026/10/04 17:59:32] ppocr INFO: best metric, acc: 0.00016382699842099117, is_float16: False, norm_edit_dis: 0.10463693158159315, fps: 150.4102337769997, best_epoch: 1
[2026/10/04 17:59:51] ppocr INFO: epoch: [1/5], global_step: 1050, lr: 0.000014, acc: 0.000000, norm_edit_dis: 0.121039, CTCLoss: 72.721378, NRTRLoss: 1.760451, loss: 74.461304, avg_reader_cost: 0.00418 s, avg_batch_cost: 0.36931 s, avg_samples: 8.0, ips: 21.66214 samples/s, eta: 1:44:20, max_mem_reserved: 1791 MB, max_mem_allocated: 1686 MB
[2026/10/04 18:00:09] ppocr INFO: epoch: [1/5], global_step: 1100, lr: 0.000015, acc: 0.000000, norm_edit_dis: 0.135367, CTCLoss: 66.919342, NRTRLoss: 1.857332, loss: 68.701874, avg_reader_cost: 0.00426 s, avg_batch_cost: 0.36024 s, avg_samples: 8.0, ips: 22.20746 samples/s, eta: 1:43:56, max_mem_reserved: 1791 MB, max_mem_allocated: 1686 MB
[2026/10/04 18:00:27] ppocr INFO: epoch: [1/5], global_step: 1150, lr: 0.000016, acc: 0.000000, norm_edit_dis: 0.155024, CTCLoss: 60.887955, NRTRLoss: 1.858734, loss: 62.649340, avg_reader_cost: 0.00413 s, avg_batch_cost: 0.35553 s, avg_samples: 8.0, ips: 22.50165 samples/s, eta: 1:43:29, max_mem_reserved: 1791 MB, max_mem_allocated: 1686 MB
[2026/10/04 18:00:44] ppocr INFO: epoch: [1/5], global_step: 1200, lr: 0.000016, acc: 0.000000, norm_edit_dis: 0.190443, CTCLoss: 56.952793, NRTRLoss: 1.773711, loss: 59.023331, avg_reader_cost: 0.00416 s, avg_batch_cost: 0.35225 s, avg_samples: 8.0, ips: 22.71096 samples/s, eta: 1:43:01, max_mem_reserved: 1791 MB, max_mem_allocated: 1686 MB
[2026/10/04 18:01:02] ppocr INFO: epoch: [1/5], global_step: 1250, lr: 0.000017, acc: 0.000000, norm_edit_dis: 0.180172, CTCLoss: 58.137432, NRTRLoss: 1.753257, loss: 60.071648, avg_reader_cost: 0.00395 s, avg_batch_cost: 0.35747 s, avg_samples: 8.0, ips: 22.37939 samples/s, eta: 1:42:37, max_mem_reserved: 1791 MB, max_mem_allocated: 1686 MB
[2026/10/04 18:01:20] ppocr INFO: epoch: [1/5], global_step: 1300, lr: 0.000018, acc: 0.000000, norm_edit_dis: 0.200424, CTCLoss: 52.015882, NRTRLoss: 1.740168, loss: 53.636057, avg_reader_cost: 0.00420 s, avg_batch_cost: 0.35420 s, avg_samples: 8.0, ips: 22.58634 samples/s, eta: 1:42:11, max_mem_reserved: 1791 MB, max_mem_allocated: 1686 MB
[2026/10/04 18:01:38] ppocr INFO: epoch: [1/5], global_step: 1350, lr: 0.000019, acc: 0.000000, norm_edit_dis: 0.206482, CTCLoss: 47.471115, NRTRLoss: 1.500207, loss: 49.248232, avg_reader_cost: 0.00439 s, avg_batch_cost: 0.35950 s, avg_samples: 8.0, ips: 22.25289 samples/s, eta: 1:41:50, max_mem_reserved: 1791 MB, max_mem_allocated: 1686 MB
[2026/10/04 18:01:56] ppocr INFO: epoch: [1/5], global_step: 1400, lr: 0.000019, acc: 0.000000, norm_edit_dis: 0.219449, CTCLoss: 45.724113, NRTRLoss: 1.433084, loss: 47.352135, avg_reader_cost: 0.00420 s, avg_batch_cost: 0.35458 s, avg_samples: 8.0, ips: 22.56184 samples/s, eta: 1:41:25, max_mem_reserved: 1791 MB, max_mem_allocated: 1686 MB
[2026/10/04 18:02:14] ppocr INFO: epoch: [1/5], global_step: 1450, lr: 0.000020, acc: 0.000000, norm_edit_dis: 0.237449, CTCLoss: 44.106590, NRTRLoss: 1.632261, loss: 45.466333, avg_reader_cost: 0.00416 s, avg_batch_cost: 0.35595 s, avg_samples: 8.0, ips: 22.47532 samples/s, eta: 1:41:02, max_mem_reserved: 1791 MB, max_mem_allocated: 1686 MB
[2026/10/04 18:02:31] ppocr INFO: epoch: [1/5], global_step: 1500, lr: 0.000021, acc: 0.000000, norm_edit_dis: 0.302350, CTCLoss: 44.536011, NRTRLoss: 1.413111, loss: 45.911625, avg_reader_cost: 0.00433 s, avg_batch_cost: 0.35077 s, avg_samples: 8.0, ips: 22.80713 samples/s, eta: 1:40:36, max_mem_reserved: 1791 MB, max_mem_allocated: 1686 MB
[2026/10/04 18:03:43] ppocr INFO: cur metric, acc: 0.004914809952629735, norm_edit_dis: 0.27566598495921557, fps: 86.38389757010785
[2026/10/04 18:03:46] ppocr INFO: save best model is to D:/HocTap/Projects/NCKH-Medicare/dataset/processed/vaipe-ocr-crops/paddleocr/fine-tune/model\best_accuracy
[2026/10/04 18:03:46] ppocr INFO: best metric, acc: 0.004914809952629735, is_float16: False, norm_edit_dis: 0.27566598495921557, fps: 86.38389757010785, best_epoch: 1
[2026/10/04 18:04:03] ppocr INFO: epoch: [1/5], global_step: 1550, lr: 0.000021, acc: 0.000000, norm_edit_dis: 0.256846, CTCLoss: 42.707796, NRTRLoss: 1.610571, loss: 44.354784, avg_reader_cost: 0.00443 s, avg_batch_cost: 0.35388 s, avg_samples: 8.0, ips: 22.60677 samples/s, eta: 1:40:13, max_mem_reserved: 1791 MB, max_mem_allocated: 1686 MB
[2026/10/04 18:04:22] ppocr INFO: epoch: [1/5], global_step: 1600, lr: 0.000022, acc: 0.000000, norm_edit_dis: 0.283511, CTCLoss: 39.898325, NRTRLoss: 1.386366, loss: 41.422445, avg_reader_cost: 0.00466 s, avg_batch_cost: 0.37364 s, avg_samples: 8.0, ips: 21.41085 samples/s, eta: 1:40:00, max_mem_reserved: 1791 MB, max_mem_allocated: 1686 MB
[2026/10/04 18:04:40] ppocr INFO: epoch: [1/5], global_step: 1650, lr: 0.000023, acc: 0.000000, norm_edit_dis: 0.313278, CTCLoss: 39.511883, NRTRLoss: 1.453220, loss: 40.919962, avg_reader_cost: 0.00437 s, avg_batch_cost: 0.35871 s, avg_samples: 8.0, ips: 22.30226 samples/s, eta: 1:39:39, max_mem_reserved: 1791 MB, max_mem_allocated: 1686 MB
[2026/10/04 18:04:57] ppocr INFO: epoch: [1/5], global_step: 1700, lr: 0.000023, acc: 0.000000, norm_edit_dis: 0.326304, CTCLoss: 37.526932, NRTRLoss: 1.412523, loss: 39.197586, avg_reader_cost: 0.00406 s, avg_batch_cost: 0.34240 s, avg_samples: 8.0, ips: 23.36460 samples/s, eta: 1:39:10, max_mem_reserved: 1791 MB, max_mem_allocated: 1686 MB
[2026/10/04 18:05:15] ppocr INFO: epoch: [1/5], global_step: 1750, lr: 0.000024, acc: 0.000000, norm_edit_dis: 0.394708, CTCLoss: 32.507170, NRTRLoss: 1.348836, loss: 33.594154, avg_reader_cost: 0.00420 s, avg_batch_cost: 0.35029 s, avg_samples: 8.0, ips: 22.83800 samples/s, eta: 1:38:46, max_mem_reserved: 1791 MB, max_mem_allocated: 1686 MB
[2026/10/04 18:05:33] ppocr INFO: epoch: [1/5], global_step: 1800, lr: 0.000025, acc: 0.000000, norm_edit_dis: 0.372853, CTCLoss: 30.371853, NRTRLoss: 1.207527, loss: 31.646576, avg_reader_cost: 0.00420 s, avg_batch_cost: 0.37294 s, avg_samples: 8.0, ips: 21.45105 samples/s, eta: 1:38:33, max_mem_reserved: 1791 MB, max_mem_allocated: 1686 MB
[2026/10/04 18:05:43] ppocr INFO: epoch: [1/5], global_step: 1850, lr: 0.000025, acc: 0.000000, norm_edit_dis: 0.371305, CTCLoss: 35.335423, NRTRLoss: 1.315032, loss: 36.547699, avg_reader_cost: 0.00222 s, avg_batch_cost: 0.19693 s, avg_samples: 8.0, ips: 40.62289 samples/s, eta: 1:37:02, max_mem_reserved: 1791 MB, max_mem_allocated: 1686 MB
[2026/10/04 18:05:53] ppocr INFO: epoch: [1/5], global_step: 1900, lr: 0.000026, acc: 0.000000, norm_edit_dis: 0.381597, CTCLoss: 33.244270, NRTRLoss: 1.345253, loss: 34.566284, avg_reader_cost: 0.00198 s, avg_batch_cost: 0.19134 s, avg_samples: 8.0, ips: 41.81086 samples/s, eta: 1:35:33, max_mem_reserved: 1791 MB, max_mem_allocated: 1686 MB
[2026/10/04 18:06:03] ppocr INFO: epoch: [1/5], global_step: 1950, lr: 0.000027, acc: 0.000000, norm_edit_dis: 0.442750, CTCLoss: 26.353951, NRTRLoss: 1.277020, loss: 27.835296, avg_reader_cost: 0.00207 s, avg_batch_cost: 0.20772 s, avg_samples: 8.0, ips: 38.51323 samples/s, eta: 1:34:14, max_mem_reserved: 1791 MB, max_mem_allocated: 1686 MB
[2026/10/04 18:06:13] ppocr INFO: epoch: [1/5], global_step: 2000, lr: 0.000027, acc: 0.000000, norm_edit_dis: 0.428606, CTCLoss: 27.298985, NRTRLoss: 1.198669, loss: 28.519341, avg_reader_cost: 0.00212 s, avg_batch_cost: 0.20033 s, avg_samples: 8.0, ips: 39.93349 samples/s, eta: 1:32:56, max_mem_reserved: 1791 MB, max_mem_allocated: 1686 MB
[2026/10/04 18:07:21] ppocr INFO: cur metric, acc: 0.053899082480506094, norm_edit_dis: 0.48206222673121135, fps: 92.44563931222523
[2026/10/04 18:07:24] ppocr INFO: save best model is to D:/HocTap/Projects/NCKH-Medicare/dataset/processed/vaipe-ocr-crops/paddleocr/fine-tune/model\best_accuracy
[2026/10/04 18:07:24] ppocr INFO: best metric, acc: 0.053899082480506094, is_float16: False, norm_edit_dis: 0.48206222673121135, fps: 92.44563931222523, best_epoch: 1
[2026/10/04 18:07:42] ppocr INFO: epoch: [1/5], global_step: 2050, lr: 0.000028, acc: 0.000000, norm_edit_dis: 0.449335, CTCLoss: 28.230606, NRTRLoss: 1.332125, loss: 29.625999, avg_reader_cost: 0.00488 s, avg_batch_cost: 0.37132 s, avg_samples: 8.0, ips: 21.54466 samples/s, eta: 1:32:49, max_mem_reserved: 1791 MB, max_mem_allocated: 1686 MB
[2026/10/04 18:08:00] ppocr INFO: epoch: [1/5], global_step: 2100, lr: 0.000029, acc: 0.125000, norm_edit_dis: 0.489063, CTCLoss: 26.565515, NRTRLoss: 1.273846, loss: 28.047973, avg_reader_cost: 0.00412 s, avg_batch_cost: 0.34573 s, avg_samples: 8.0, ips: 23.13975 samples/s, eta: 1:32:31, max_mem_reserved: 1791 MB, max_mem_allocated: 1686 MB
[2026/10/04 18:08:17] ppocr INFO: epoch: [1/5], global_step: 2150, lr: 0.000030, acc: 0.000000, norm_edit_dis: 0.494517, CTCLoss: 23.402590, NRTRLoss: 1.141889, loss: 24.582620, avg_reader_cost: 0.00407 s, avg_batch_cost: 0.33816 s, avg_samples: 8.0, ips: 23.65745 samples/s, eta: 1:32:10, max_mem_reserved: 1791 MB, max_mem_allocated: 1686 MB
[2026/10/04 18:08:34] ppocr INFO: epoch: [1/5], global_step: 2200, lr: 0.000030, acc: 0.125000, norm_edit_dis: 0.553074, CTCLoss: 22.890863, NRTRLoss: 1.179929, loss: 23.962234, avg_reader_cost: 0.00389 s, avg_batch_cost: 0.33671 s, avg_samples: 8.0, ips: 23.75917 samples/s, eta: 1:31:49, max_mem_reserved: 1791 MB, max_mem_allocated: 1686 MB
[2026/10/04 18:08:50] ppocr INFO: epoch: [1/5], global_step: 2250, lr: 0.000031, acc: 0.125000, norm_edit_dis: 0.562695, CTCLoss: 21.992392, NRTRLoss: 1.172204, loss: 23.250505, avg_reader_cost: 0.00387 s, avg_batch_cost: 0.33759 s, avg_samples: 8.0, ips: 23.69725 samples/s, eta: 1:31:29, max_mem_reserved: 1791 MB, max_mem_allocated: 1686 MB
[2026/10/04 18:09:07] ppocr INFO: epoch: [1/5], global_step: 2300, lr: 0.000032, acc: 0.187500, norm_edit_dis: 0.646142, CTCLoss: 19.527417, NRTRLoss: 1.137647, loss: 20.671866, avg_reader_cost: 0.00399 s, avg_batch_cost: 0.33515 s, avg_samples: 8.0, ips: 23.86991 samples/s, eta: 1:31:07, max_mem_reserved: 1791 MB, max_mem_allocated: 1686 MB
[2026/10/04 18:09:24] ppocr INFO: epoch: [1/5], global_step: 2350, lr: 0.000032, acc: 0.125000, norm_edit_dis: 0.680076, CTCLoss: 19.792575, NRTRLoss: 1.075302, loss: 20.830354, avg_reader_cost: 0.00404 s, avg_batch_cost: 0.33866 s, avg_samples: 8.0, ips: 23.62236 samples/s, eta: 1:30:47, max_mem_reserved: 1791 MB, max_mem_allocated: 1686 MB
[2026/10/04 18:09:42] ppocr INFO: epoch: [1/5], global_step: 2400, lr: 0.000033, acc: 0.125000, norm_edit_dis: 0.619334, CTCLoss: 21.751433, NRTRLoss: 1.258154, loss: 22.976420, avg_reader_cost: 0.00425 s, avg_batch_cost: 0.35276 s, avg_samples: 8.0, ips: 22.67823 samples/s, eta: 1:30:32, max_mem_reserved: 1791 MB, max_mem_allocated: 1686 MB
[2026/10/04 18:09:59] ppocr INFO: epoch: [1/5], global_step: 2450, lr: 0.000034, acc: 0.250000, norm_edit_dis: 0.710927, CTCLoss: 17.924996, NRTRLoss: 1.097632, loss: 18.952116, avg_reader_cost: 0.00408 s, avg_batch_cost: 0.35176 s, avg_samples: 8.0, ips: 22.74260 samples/s, eta: 1:30:17, max_mem_reserved: 1791 MB, max_mem_allocated: 1686 MB
[2026/10/04 18:10:16] ppocr INFO: epoch: [1/5], global_step: 2500, lr: 0.000034, acc: 0.375000, norm_edit_dis: 0.748132, CTCLoss: 14.507390, NRTRLoss: 1.068966, loss: 15.524207, avg_reader_cost: 0.00408 s, avg_batch_cost: 0.33563 s, avg_samples: 8.0, ips: 23.83565 samples/s, eta: 1:29:56, max_mem_reserved: 1791 MB, max_mem_allocated: 1686 MB
[2026/10/04 18:11:28] ppocr INFO: cur metric, acc: 0.35190039260828904, norm_edit_dis: 0.736415464060206, fps: 87.4078657757157
[2026/10/04 18:11:30] ppocr INFO: save best model is to D:/HocTap/Projects/NCKH-Medicare/dataset/processed/vaipe-ocr-crops/paddleocr/fine-tune/model\best_accuracy
[2026/10/04 18:11:30] ppocr INFO: best metric, acc: 0.35190039260828904, is_float16: False, norm_edit_dis: 0.736415464060206, fps: 87.4078657757157, best_epoch: 1
[2026/10/04 18:11:47] ppocr INFO: epoch: [1/5], global_step: 2550, lr: 0.000035, acc: 0.250000, norm_edit_dis: 0.764737, CTCLoss: 16.659722, NRTRLoss: 1.045944, loss: 17.889821, avg_reader_cost: 0.00419 s, avg_batch_cost: 0.34528 s, avg_samples: 8.0, ips: 23.16939 samples/s, eta: 1:29:39, max_mem_reserved: 1791 MB, max_mem_allocated: 1686 MB
[2026/10/04 18:12:04] ppocr INFO: epoch: [1/5], global_step: 2600, lr: 0.000036, acc: 0.250000, norm_edit_dis: 0.678697, CTCLoss: 19.165494, NRTRLoss: 1.099610, loss: 20.441954, avg_reader_cost: 0.00402 s, avg_batch_cost: 0.34212 s, avg_samples: 8.0, ips: 23.38387 samples/s, eta: 1:29:20, max_mem_reserved: 1791 MB, max_mem_allocated: 1686 MB
[2026/10/04 18:12:18] ppocr INFO: epoch: [1/5], global_step: 2650, lr: 0.000036, acc: 0.375000, norm_edit_dis: 0.783377, CTCLoss: 15.119555, NRTRLoss: 1.059110, loss: 16.307837, avg_reader_cost: 0.00292 s, avg_batch_cost: 0.27488 s, avg_samples: 8.0, ips: 29.10397 samples/s, eta: 1:28:42, max_mem_reserved: 1791 MB, max_mem_allocated: 1686 MB
[2026/10/04 18:12:35] ppocr INFO: epoch: [1/5], global_step: 2700, lr: 0.000037, acc: 0.437499, norm_edit_dis: 0.807894, CTCLoss: 14.566841, NRTRLoss: 1.029374, loss: 15.678023, avg_reader_cost: 0.00393 s, avg_batch_cost: 0.33720 s, avg_samples: 8.0, ips: 23.72495 samples/s, eta: 1:28:23, max_mem_reserved: 1791 MB, max_mem_allocated: 1686 MB
[2026/10/04 18:12:53] ppocr INFO: epoch: [1/5], global_step: 2750, lr: 0.000038, acc: 0.312500, norm_edit_dis: 0.763711, CTCLoss: 12.364976, NRTRLoss: 0.989619, loss: 13.587557, avg_reader_cost: 0.00398 s, avg_batch_cost: 0.35815 s, avg_samples: 8.0, ips: 22.33723 samples/s, eta: 1:28:09, max_mem_reserved: 1791 MB, max_mem_allocated: 1686 MB
[2026/10/04 18:13:10] ppocr INFO: epoch: [1/5], global_step: 2800, lr: 0.000039, acc: 0.375000, norm_edit_dis: 0.746922, CTCLoss: 11.681749, NRTRLoss: 1.052745, loss: 12.685356, avg_reader_cost: 0.00391 s, avg_batch_cost: 0.33690 s, avg_samples: 8.0, ips: 23.74602 samples/s, eta: 1:27:50, max_mem_reserved: 1791 MB, max_mem_allocated: 1686 MB
[2026/10/04 18:13:26] ppocr INFO: epoch: [1/5], global_step: 2850, lr: 0.000039, acc: 0.375000, norm_edit_dis: 0.817994, CTCLoss: 11.390856, NRTRLoss: 0.984782, loss: 12.340904, avg_reader_cost: 0.00386 s, avg_batch_cost: 0.33076 s, avg_samples: 8.0, ips: 24.18643 samples/s, eta: 1:27:29, max_mem_reserved: 1791 MB, max_mem_allocated: 1686 MB
[2026/10/04 18:13:43] ppocr INFO: epoch: [1/5], global_step: 2900, lr: 0.000040, acc: 0.499999, norm_edit_dis: 0.834757, CTCLoss: 9.468776, NRTRLoss: 0.954311, loss: 10.392730, avg_reader_cost: 0.00403 s, avg_batch_cost: 0.33800 s, avg_samples: 8.0, ips: 23.66865 samples/s, eta: 1:27:10, max_mem_reserved: 1791 MB, max_mem_allocated: 1686 MB
[2026/10/04 18:14:00] ppocr INFO: epoch: [1/5], global_step: 2950, lr: 0.000041, acc: 0.499999, norm_edit_dis: 0.792523, CTCLoss: 12.555389, NRTRLoss: 1.002433, loss: 13.520926, avg_reader_cost: 0.00386 s, avg_batch_cost: 0.34144 s, avg_samples: 8.0, ips: 23.43041 samples/s, eta: 1:26:52, max_mem_reserved: 1791 MB, max_mem_allocated: 1686 MB
[2026/10/04 18:14:17] ppocr INFO: epoch: [1/5], global_step: 3000, lr: 0.000041, acc: 0.499999, norm_edit_dis: 0.793215, CTCLoss: 10.649788, NRTRLoss: 1.016457, loss: 11.670571, avg_reader_cost: 0.00398 s, avg_batch_cost: 0.33592 s, avg_samples: 8.0, ips: 23.81484 samples/s, eta: 1:26:33, max_mem_reserved: 1791 MB, max_mem_allocated: 1686 MB
[2026/10/04 18:15:25] ppocr INFO: cur metric, acc: 0.5529161196708452, norm_edit_dis: 0.8152697287655688, fps: 92.44262177466116
[2026/10/04 18:15:27] ppocr INFO: save best model is to D:/HocTap/Projects/NCKH-Medicare/dataset/processed/vaipe-ocr-crops/paddleocr/fine-tune/model\best_accuracy
[2026/10/04 18:15:27] ppocr INFO: best metric, acc: 0.5529161196708452, is_float16: False, norm_edit_dis: 0.8152697287655688, fps: 92.44262177466116, best_epoch: 1
[2026/10/04 18:15:44] ppocr INFO: epoch: [1/5], global_step: 3050, lr: 0.000042, acc: 0.624999, norm_edit_dis: 0.824743, CTCLoss: 11.527615, NRTRLoss: 0.990694, loss: 12.546827, avg_reader_cost: 0.00394 s, avg_batch_cost: 0.34024 s, avg_samples: 8.0, ips: 23.51291 samples/s, eta: 1:26:14, max_mem_reserved: 1791 MB, max_mem_allocated: 1686 MB
[2026/10/04 18:16:01] ppocr INFO: epoch: [1/5], global_step: 3100, lr: 0.000043, acc: 0.562499, norm_edit_dis: 0.862700, CTCLoss: 8.160114, NRTRLoss: 0.956826, loss: 9.079257, avg_reader_cost: 0.00391 s, avg_batch_cost: 0.33205 s, avg_samples: 8.0, ips: 24.09305 samples/s, eta: 1:25:54, max_mem_reserved: 1791 MB, max_mem_allocated: 1686 MB
[2026/10/04 18:16:17] ppocr INFO: epoch: [1/5], global_step: 3150, lr: 0.000043, acc: 0.624999, norm_edit_dis: 0.900268, CTCLoss: 6.440663, NRTRLoss: 1.000322, loss: 7.461731, avg_reader_cost: 0.00390 s, avg_batch_cost: 0.32866 s, avg_samples: 8.0, ips: 24.34146 samples/s, eta: 1:25:34, max_mem_reserved: 1791 MB, max_mem_allocated: 1686 MB
[2026/10/04 18:16:34] ppocr INFO: epoch: [1/5], global_step: 3200, lr: 0.000044, acc: 0.624999, norm_edit_dis: 0.912175, CTCLoss: 6.833314, NRTRLoss: 0.922951, loss: 7.740616, avg_reader_cost: 0.00405 s, avg_batch_cost: 0.33323 s, avg_samples: 8.0, ips: 24.00767 samples/s, eta: 1:25:14, max_mem_reserved: 1791 MB, max_mem_allocated: 1686 MB
[2026/10/04 18:16:51] ppocr INFO: epoch: [1/5], global_step: 3250, lr: 0.000045, acc: 0.562499, norm_edit_dis: 0.850540, CTCLoss: 8.818402, NRTRLoss: 0.952058, loss: 9.802240, avg_reader_cost: 0.00395 s, avg_batch_cost: 0.34158 s, avg_samples: 8.0, ips: 23.42073 samples/s, eta: 1:24:56, max_mem_reserved: 1791 MB, max_mem_allocated: 1686 MB
[2026/10/04 18:17:08] ppocr INFO: epoch: [1/5], global_step: 3300, lr: 0.000045, acc: 0.499999, norm_edit_dis: 0.814793, CTCLoss: 10.021774, NRTRLoss: 0.988144, loss: 10.995162, avg_reader_cost: 0.00389 s, avg_batch_cost: 0.33768 s, avg_samples: 8.0, ips: 23.69085 samples/s, eta: 1:24:38, max_mem_reserved: 1791 MB, max_mem_allocated: 1686 MB
[2026/10/04 18:17:25] ppocr INFO: epoch: [1/5], global_step: 3350, lr: 0.000046, acc: 0.562499, norm_edit_dis: 0.810364, CTCLoss: 8.307115, NRTRLoss: 0.968592, loss: 9.329980, avg_reader_cost: 0.00398 s, avg_batch_cost: 0.33430 s, avg_samples: 8.0, ips: 23.93075 samples/s, eta: 1:24:19, max_mem_reserved: 1791 MB, max_mem_allocated: 1686 MB
[2026/10/04 18:17:42] ppocr INFO: epoch: [1/5], global_step: 3400, lr: 0.000047, acc: 0.624999, norm_edit_dis: 0.875000, CTCLoss: 6.718626, NRTRLoss: 0.917823, loss: 7.665708, avg_reader_cost: 0.00395 s, avg_batch_cost: 0.34133 s, avg_samples: 8.0, ips: 23.43789 samples/s, eta: 1:24:01, max_mem_reserved: 1791 MB, max_mem_allocated: 1686 MB
[2026/10/04 18:17:58] ppocr INFO: epoch: [1/5], global_step: 3450, lr: 0.000048, acc: 0.624999, norm_edit_dis: 0.895806, CTCLoss: 7.214695, NRTRLoss: 0.955959, loss: 8.153521, avg_reader_cost: 0.00402 s, avg_batch_cost: 0.33087 s, avg_samples: 8.0, ips: 24.17885 samples/s, eta: 1:23:41, max_mem_reserved: 1791 MB, max_mem_allocated: 1686 MB
[2026/10/04 18:18:15] ppocr INFO: epoch: [1/5], global_step: 3500, lr: 0.000048, acc: 0.624999, norm_edit_dis: 0.874256, CTCLoss: 5.333695, NRTRLoss: 0.919772, loss: 6.253390, avg_reader_cost: 0.00389 s, avg_batch_cost: 0.32770 s, avg_samples: 8.0, ips: 24.41237 samples/s, eta: 1:23:21, max_mem_reserved: 1791 MB, max_mem_allocated: 1686 MB
[2026/10/04 18:19:21] ppocr INFO: cur metric, acc: 0.7000327642528953, norm_edit_dis: 0.8780490806695335, fps: 93.49557819632638
[2026/10/04 18:19:24] ppocr INFO: save best model is to D:/HocTap/Projects/NCKH-Medicare/dataset/processed/vaipe-ocr-crops/paddleocr/fine-tune/model\best_accuracy
[2026/10/04 18:19:24] ppocr INFO: best metric, acc: 0.7000327642528953, is_float16: False, norm_edit_dis: 0.8780490806695335, fps: 93.49557819632638, best_epoch: 1
[2026/10/04 18:19:41] ppocr INFO: epoch: [1/5], global_step: 3550, lr: 0.000049, acc: 0.624999, norm_edit_dis: 0.842710, CTCLoss: 5.962309, NRTRLoss: 0.954399, loss: 6.934418, avg_reader_cost: 0.00385 s, avg_batch_cost: 0.33491 s, avg_samples: 8.0, ips: 23.88730 samples/s, eta: 1:23:02, max_mem_reserved: 1791 MB, max_mem_allocated: 1686 MB
[2026/10/04 18:19:58] ppocr INFO: epoch: [1/5], global_step: 3600, lr: 0.000050, acc: 0.749999, norm_edit_dis: 0.925000, CTCLoss: 5.555678, NRTRLoss: 0.908842, loss: 6.516133, avg_reader_cost: 0.00376 s, avg_batch_cost: 0.33533 s, avg_samples: 8.0, ips: 23.85689 samples/s, eta: 1:22:44, max_mem_reserved: 1791 MB, max_mem_allocated: 1686 MB
[2026/10/04 18:20:04] ppocr INFO: save model in D:/HocTap/Projects/NCKH-Medicare/dataset/processed/vaipe-ocr-crops/paddleocr/fine-tune/model\latest
[2026/10/04 18:20:05] ppocr INFO: save model in D:/HocTap/Projects/NCKH-Medicare/dataset/processed/vaipe-ocr-crops/paddleocr/fine-tune/model\iter_epoch_1
[2026/10/04 18:20:16] ppocr INFO: epoch: [2/5], global_step: 3650, lr: 0.000050, acc: 0.749999, norm_edit_dis: 0.847538, CTCLoss: 5.144315, NRTRLoss: 0.956384, loss: 6.112546, avg_reader_cost: 0.00483 s, avg_batch_cost: 0.33838 s, avg_samples: 8.0, ips: 23.64208 samples/s, eta: 1:22:25, max_mem_reserved: 1791 MB, max_mem_allocated: 1686 MB
[2026/10/04 18:20:33] ppocr INFO: epoch: [2/5], global_step: 3700, lr: 0.000050, acc: 0.749999, norm_edit_dis: 0.923177, CTCLoss: 5.544438, NRTRLoss: 0.921476, loss: 6.443405, avg_reader_cost: 0.00375 s, avg_batch_cost: 0.33039 s, avg_samples: 8.0, ips: 24.21351 samples/s, eta: 1:22:06, max_mem_reserved: 1791 MB, max_mem_allocated: 1686 MB
[2026/10/04 18:20:50] ppocr INFO: epoch: [2/5], global_step: 3750, lr: 0.000050, acc: 0.749999, norm_edit_dis: 0.869562, CTCLoss: 5.843763, NRTRLoss: 0.917553, loss: 6.886049, avg_reader_cost: 0.00407 s, avg_batch_cost: 0.33588 s, avg_samples: 8.0, ips: 23.81835 samples/s, eta: 1:21:47, max_mem_reserved: 1791 MB, max_mem_allocated: 1686 MB
[2026/10/04 18:21:07] ppocr INFO: epoch: [2/5], global_step: 3800, lr: 0.000050, acc: 0.812499, norm_edit_dis: 0.924685, CTCLoss: 4.369820, NRTRLoss: 0.921318, loss: 5.286141, avg_reader_cost: 0.00395 s, avg_batch_cost: 0.33551 s, avg_samples: 8.0, ips: 23.84451 samples/s, eta: 1:21:29, max_mem_reserved: 1791 MB, max_mem_allocated: 1686 MB
[2026/10/04 18:21:23] ppocr INFO: epoch: [2/5], global_step: 3850, lr: 0.000050, acc: 0.624999, norm_edit_dis: 0.824780, CTCLoss: 5.663652, NRTRLoss: 1.010856, loss: 6.711869, avg_reader_cost: 0.00398 s, avg_batch_cost: 0.33242 s, avg_samples: 8.0, ips: 24.06569 samples/s, eta: 1:21:10, max_mem_reserved: 1791 MB, max_mem_allocated: 1686 MB
[2026/10/04 18:21:40] ppocr INFO: epoch: [2/5], global_step: 3900, lr: 0.000050, acc: 0.749999, norm_edit_dis: 0.876290, CTCLoss: 5.150120, NRTRLoss: 0.902172, loss: 6.044413, avg_reader_cost: 0.00392 s, avg_batch_cost: 0.33532 s, avg_samples: 8.0, ips: 23.85811 samples/s, eta: 1:20:52, max_mem_reserved: 1791 MB, max_mem_allocated: 1686 MB
[2026/10/04 18:21:57] ppocr INFO: epoch: [2/5], global_step: 3950, lr: 0.000050, acc: 0.749999, norm_edit_dis: 0.901417, CTCLoss: 4.008890, NRTRLoss: 0.894033, loss: 4.958339, avg_reader_cost: 0.00387 s, avg_batch_cost: 0.32842 s, avg_samples: 8.0, ips: 24.35871 samples/s, eta: 1:20:32, max_mem_reserved: 1791 MB, max_mem_allocated: 1686 MB
[2026/10/04 18:22:13] ppocr INFO: epoch: [2/5], global_step: 4000, lr: 0.000050, acc: 0.749999, norm_edit_dis: 0.930593, CTCLoss: 5.451481, NRTRLoss: 0.917826, loss: 6.352883, avg_reader_cost: 0.00403 s, avg_batch_cost: 0.32831 s, avg_samples: 8.0, ips: 24.36726 samples/s, eta: 1:20:13, max_mem_reserved: 1791 MB, max_mem_allocated: 1686 MB
[2026/10/04 18:23:18] ppocr INFO: cur metric, acc: 0.7178899070807833, norm_edit_dis: 0.8935612447338172, fps: 95.71430124633048
[2026/10/04 18:23:20] ppocr INFO: save best model is to D:/HocTap/Projects/NCKH-Medicare/dataset/processed/vaipe-ocr-crops/paddleocr/fine-tune/model\best_accuracy
[2026/10/04 18:23:20] ppocr INFO: best metric, acc: 0.7178899070807833, is_float16: False, norm_edit_dis: 0.8935612447338172, fps: 95.71430124633048, best_epoch: 2
[2026/10/04 18:23:37] ppocr INFO: epoch: [2/5], global_step: 4050, lr: 0.000050, acc: 0.749999, norm_edit_dis: 0.884673, CTCLoss: 5.196332, NRTRLoss: 0.902659, loss: 6.159150, avg_reader_cost: 0.00393 s, avg_batch_cost: 0.33324 s, avg_samples: 8.0, ips: 24.00659 samples/s, eta: 1:19:54, max_mem_reserved: 1791 MB, max_mem_allocated: 1686 MB
[2026/10/04 18:23:53] ppocr INFO: epoch: [2/5], global_step: 4100, lr: 0.000050, acc: 0.749999, norm_edit_dis: 0.931527, CTCLoss: 4.663644, NRTRLoss: 0.905258, loss: 5.562583, avg_reader_cost: 0.00393 s, avg_batch_cost: 0.33355 s, avg_samples: 8.0, ips: 23.98414 samples/s, eta: 1:19:36, max_mem_reserved: 1791 MB, max_mem_allocated: 1686 MB
[2026/10/04 18:24:10] ppocr INFO: epoch: [2/5], global_step: 4150, lr: 0.000050, acc: 0.624999, norm_edit_dis: 0.855831, CTCLoss: 5.039615, NRTRLoss: 0.940869, loss: 5.994142, avg_reader_cost: 0.00382 s, avg_batch_cost: 0.33685 s, avg_samples: 8.0, ips: 23.74926 samples/s, eta: 1:19:18, max_mem_reserved: 1791 MB, max_mem_allocated: 1686 MB
[2026/10/04 18:24:27] ppocr INFO: epoch: [2/5], global_step: 4200, lr: 0.000050, acc: 0.749999, norm_edit_dis: 0.892262, CTCLoss: 4.116734, NRTRLoss: 0.926388, loss: 5.025477, avg_reader_cost: 0.00393 s, avg_batch_cost: 0.33512 s, avg_samples: 8.0, ips: 23.87238 samples/s, eta: 1:19:00, max_mem_reserved: 1791 MB, max_mem_allocated: 1686 MB
[2026/10/04 18:24:44] ppocr INFO: epoch: [2/5], global_step: 4250, lr: 0.000050, acc: 0.812499, norm_edit_dis: 0.937175, CTCLoss: 3.049745, NRTRLoss: 0.890381, loss: 3.980393, avg_reader_cost: 0.00391 s, avg_batch_cost: 0.33055 s, avg_samples: 8.0, ips: 24.20177 samples/s, eta: 1:18:41, max_mem_reserved: 1791 MB, max_mem_allocated: 1686 MB
[2026/10/04 18:25:00] ppocr INFO: epoch: [2/5], global_step: 4300, lr: 0.000050, acc: 0.749999, norm_edit_dis: 0.935859, CTCLoss: 3.426292, NRTRLoss: 0.903326, loss: 4.395687, avg_reader_cost: 0.00409 s, avg_batch_cost: 0.33452 s, avg_samples: 8.0, ips: 23.91497 samples/s, eta: 1:18:23, max_mem_reserved: 1791 MB, max_mem_allocated: 1686 MB
[2026/10/04 18:25:17] ppocr INFO: epoch: [2/5], global_step: 4350, lr: 0.000050, acc: 0.749999, norm_edit_dis: 0.925347, CTCLoss: 3.790822, NRTRLoss: 0.897585, loss: 4.725909, avg_reader_cost: 0.00383 s, avg_batch_cost: 0.33532 s, avg_samples: 8.0, ips: 23.85765 samples/s, eta: 1:18:05, max_mem_reserved: 1791 MB, max_mem_allocated: 1686 MB
[2026/10/04 18:25:34] ppocr INFO: epoch: [2/5], global_step: 4400, lr: 0.000050, acc: 0.749999, norm_edit_dis: 0.920629, CTCLoss: 4.177641, NRTRLoss: 0.885514, loss: 5.165738, avg_reader_cost: 0.00387 s, avg_batch_cost: 0.33129 s, avg_samples: 8.0, ips: 24.14808 samples/s, eta: 1:17:46, max_mem_reserved: 1791 MB, max_mem_allocated: 1686 MB
[2026/10/04 18:25:50] ppocr INFO: epoch: [2/5], global_step: 4450, lr: 0.000050, acc: 0.749999, norm_edit_dis: 0.932748, CTCLoss: 3.393323, NRTRLoss: 0.892262, loss: 4.318939, avg_reader_cost: 0.00396 s, avg_batch_cost: 0.32600 s, avg_samples: 8.0, ips: 24.53988 samples/s, eta: 1:17:27, max_mem_reserved: 1791 MB, max_mem_allocated: 1686 MB
[2026/10/04 18:26:06] ppocr INFO: epoch: [2/5], global_step: 4500, lr: 0.000050, acc: 0.749999, norm_edit_dis: 0.914521, CTCLoss: 3.680653, NRTRLoss: 0.931916, loss: 4.652610, avg_reader_cost: 0.00393 s, avg_batch_cost: 0.32984 s, avg_samples: 8.0, ips: 24.25436 samples/s, eta: 1:17:08, max_mem_reserved: 1791 MB, max_mem_allocated: 1686 MB
[2026/10/04 18:27:12] ppocr INFO: cur metric, acc: 0.5691349925145233, norm_edit_dis: 0.8901391012570901, fps: 94.79065115491392
[2026/10/04 18:27:12] ppocr INFO: best metric, acc: 0.7178899070807833, is_float16: False, norm_edit_dis: 0.8935612447338172, fps: 95.71430124633048, best_epoch: 2
[2026/10/04 18:27:29] ppocr INFO: epoch: [2/5], global_step: 4550, lr: 0.000050, acc: 0.874999, norm_edit_dis: 0.963958, CTCLoss: 2.696969, NRTRLoss: 0.893750, loss: 3.626865, avg_reader_cost: 0.00402 s, avg_batch_cost: 0.32833 s, avg_samples: 8.0, ips: 24.36590 samples/s, eta: 1:16:50, max_mem_reserved: 1791 MB, max_mem_allocated: 1686 MB
[2026/10/04 18:27:45] ppocr INFO: epoch: [2/5], global_step: 4600, lr: 0.000050, acc: 0.749999, norm_edit_dis: 0.924963, CTCLoss: 3.191692, NRTRLoss: 0.917980, loss: 4.174625, avg_reader_cost: 0.00392 s, avg_batch_cost: 0.32989 s, avg_samples: 8.0, ips: 24.25052 samples/s, eta: 1:16:31, max_mem_reserved: 1791 MB, max_mem_allocated: 1686 MB
[2026/10/04 18:28:02] ppocr INFO: epoch: [2/5], global_step: 4650, lr: 0.000050, acc: 0.749999, norm_edit_dis: 0.959865, CTCLoss: 2.450715, NRTRLoss: 0.878037, loss: 3.324941, avg_reader_cost: 0.00391 s, avg_batch_cost: 0.33452 s, avg_samples: 8.0, ips: 23.91474 samples/s, eta: 1:16:13, max_mem_reserved: 1791 MB, max_mem_allocated: 1686 MB
[2026/10/04 18:28:20] ppocr INFO: epoch: [2/5], global_step: 4700, lr: 0.000050, acc: 0.749999, norm_edit_dis: 0.905419, CTCLoss: 3.538351, NRTRLoss: 0.926911, loss: 4.464741, avg_reader_cost: 0.00414 s, avg_batch_cost: 0.36579 s, avg_samples: 8.0, ips: 21.87039 samples/s, eta: 1:16:00, max_mem_reserved: 1791 MB, max_mem_allocated: 1686 MB
[2026/10/04 18:28:37] ppocr INFO: epoch: [2/5], global_step: 4750, lr: 0.000050, acc: 0.749999, norm_edit_dis: 0.966213, CTCLoss: 2.997668, NRTRLoss: 0.884645, loss: 3.875544, avg_reader_cost: 0.00391 s, avg_batch_cost: 0.33906 s, avg_samples: 8.0, ips: 23.59449 samples/s, eta: 1:15:42, max_mem_reserved: 1791 MB, max_mem_allocated: 1686 MB
[2026/10/04 18:28:54] ppocr INFO: epoch: [2/5], global_step: 4800, lr: 0.000049, acc: 0.874999, norm_edit_dis: 0.964686, CTCLoss: 2.697083, NRTRLoss: 0.884986, loss: 3.687800, avg_reader_cost: 0.00407 s, avg_batch_cost: 0.34031 s, avg_samples: 8.0, ips: 23.50829 samples/s, eta: 1:15:25, max_mem_reserved: 1791 MB, max_mem_allocated: 1686 MB
[2026/10/04 18:29:11] ppocr INFO: epoch: [2/5], global_step: 4850, lr: 0.000049, acc: 0.874999, norm_edit_dis: 0.970221, CTCLoss: 2.405786, NRTRLoss: 0.895420, loss: 3.337533, avg_reader_cost: 0.00384 s, avg_batch_cost: 0.32857 s, avg_samples: 8.0, ips: 24.34797 samples/s, eta: 1:15:07, max_mem_reserved: 1791 MB, max_mem_allocated: 1686 MB
[2026/10/04 18:29:27] ppocr INFO: epoch: [2/5], global_step: 4900, lr: 0.000049, acc: 0.749999, norm_edit_dis: 0.925727, CTCLoss: 2.561111, NRTRLoss: 0.906687, loss: 3.499994, avg_reader_cost: 0.00385 s, avg_batch_cost: 0.33287 s, avg_samples: 8.0, ips: 24.03323 samples/s, eta: 1:14:49, max_mem_reserved: 1791 MB, max_mem_allocated: 1686 MB
[2026/10/04 18:29:44] ppocr INFO: epoch: [2/5], global_step: 4950, lr: 0.000049, acc: 0.874999, norm_edit_dis: 0.963599, CTCLoss: 2.147766, NRTRLoss: 0.895401, loss: 3.039132, avg_reader_cost: 0.00383 s, avg_batch_cost: 0.33073 s, avg_samples: 8.0, ips: 24.18887 samples/s, eta: 1:14:30, max_mem_reserved: 1791 MB, max_mem_allocated: 1686 MB
[2026/10/04 18:30:01] ppocr INFO: epoch: [2/5], global_step: 5000, lr: 0.000049, acc: 0.812499, norm_edit_dis: 0.958705, CTCLoss: 1.924183, NRTRLoss: 0.880877, loss: 2.807395, avg_reader_cost: 0.00375 s, avg_batch_cost: 0.33081 s, avg_samples: 8.0, ips: 24.18338 samples/s, eta: 1:14:12, max_mem_reserved: 1791 MB, max_mem_allocated: 1686 MB
[2026/10/04 18:31:07] ppocr INFO: cur metric, acc: 0.8538663157702059, norm_edit_dis: 0.9472661508518662, fps: 94.41068321385472
[2026/10/04 18:31:09] ppocr INFO: save best model is to D:/HocTap/Projects/NCKH-Medicare/dataset/processed/vaipe-ocr-crops/paddleocr/fine-tune/model\best_accuracy
[2026/10/04 18:31:09] ppocr INFO: best metric, acc: 0.8538663157702059, is_float16: False, norm_edit_dis: 0.9472661508518662, fps: 94.41068321385472, best_epoch: 2
[2026/10/04 18:31:26] ppocr INFO: epoch: [2/5], global_step: 5050, lr: 0.000049, acc: 0.749999, norm_edit_dis: 0.949863, CTCLoss: 3.616344, NRTRLoss: 0.877649, loss: 4.504556, avg_reader_cost: 0.00403 s, avg_batch_cost: 0.33904 s, avg_samples: 8.0, ips: 23.59582 samples/s, eta: 1:13:55, max_mem_reserved: 1791 MB, max_mem_allocated: 1686 MB
[2026/10/04 18:31:43] ppocr INFO: epoch: [2/5], global_step: 5100, lr: 0.000049, acc: 0.874999, norm_edit_dis: 0.985907, CTCLoss: 1.971600, NRTRLoss: 0.877729, loss: 2.849472, avg_reader_cost: 0.00390 s, avg_batch_cost: 0.33315 s, avg_samples: 8.0, ips: 24.01296 samples/s, eta: 1:13:37, max_mem_reserved: 1791 MB, max_mem_allocated: 1686 MB
[2026/10/04 18:31:59] ppocr INFO: epoch: [2/5], global_step: 5150, lr: 0.000049, acc: 0.874999, norm_edit_dis: 0.971234, CTCLoss: 1.817505, NRTRLoss: 0.884718, loss: 2.697183, avg_reader_cost: 0.00407 s, avg_batch_cost: 0.33145 s, avg_samples: 8.0, ips: 24.13669 samples/s, eta: 1:13:19, max_mem_reserved: 1791 MB, max_mem_allocated: 1686 MB
[2026/10/04 18:32:16] ppocr INFO: epoch: [2/5], global_step: 5200, lr: 0.000049, acc: 0.749999, norm_edit_dis: 0.961161, CTCLoss: 2.264247, NRTRLoss: 0.887350, loss: 3.196747, avg_reader_cost: 0.00388 s, avg_batch_cost: 0.33589 s, avg_samples: 8.0, ips: 23.81706 samples/s, eta: 1:13:01, max_mem_reserved: 1791 MB, max_mem_allocated: 1686 MB
[2026/10/04 18:32:33] ppocr INFO: epoch: [2/5], global_step: 5250, lr: 0.000049, acc: 0.874999, norm_edit_dis: 0.979783, CTCLoss: 1.216841, NRTRLoss: 0.872480, loss: 2.098278, avg_reader_cost: 0.00382 s, avg_batch_cost: 0.33087 s, avg_samples: 8.0, ips: 24.17847 samples/s, eta: 1:12:43, max_mem_reserved: 1791 MB, max_mem_allocated: 1686 MB
[2026/10/04 18:32:49] ppocr INFO: epoch: [2/5], global_step: 5300, lr: 0.000049, acc: 0.874999, norm_edit_dis: 0.981696, CTCLoss: 1.626345, NRTRLoss: 0.881347, loss: 2.529567, avg_reader_cost: 0.00401 s, avg_batch_cost: 0.33332 s, avg_samples: 8.0, ips: 24.00073 samples/s, eta: 1:12:26, max_mem_reserved: 1791 MB, max_mem_allocated: 1686 MB
[2026/10/04 18:33:06] ppocr INFO: epoch: [2/5], global_step: 5350, lr: 0.000049, acc: 0.874999, norm_edit_dis: 0.948573, CTCLoss: 2.453983, NRTRLoss: 0.898263, loss: 3.396049, avg_reader_cost: 0.00406 s, avg_batch_cost: 0.32690 s, avg_samples: 8.0, ips: 24.47259 samples/s, eta: 1:12:07, max_mem_reserved: 1791 MB, max_mem_allocated: 1686 MB
[2026/10/04 18:33:22] ppocr INFO: epoch: [2/5], global_step: 5400, lr: 0.000049, acc: 0.749999, norm_edit_dis: 0.979861, CTCLoss: 1.957448, NRTRLoss: 0.876675, loss: 2.828304, avg_reader_cost: 0.00389 s, avg_batch_cost: 0.33034 s, avg_samples: 8.0, ips: 24.21756 samples/s, eta: 1:11:49, max_mem_reserved: 1791 MB, max_mem_allocated: 1686 MB
[2026/10/04 18:33:39] ppocr INFO: epoch: [2/5], global_step: 5450, lr: 0.000049, acc: 0.874999, norm_edit_dis: 0.973438, CTCLoss: 1.433971, NRTRLoss: 0.871968, loss: 2.303800, avg_reader_cost: 0.00378 s, avg_batch_cost: 0.32903 s, avg_samples: 8.0, ips: 24.31397 samples/s, eta: 1:11:31, max_mem_reserved: 1791 MB, max_mem_allocated: 1686 MB
[2026/10/04 18:33:55] ppocr INFO: epoch: [2/5], global_step: 5500, lr: 0.000049, acc: 0.874999, norm_edit_dis: 0.970371, CTCLoss: 1.497530, NRTRLoss: 0.876063, loss: 2.366946, avg_reader_cost: 0.00392 s, avg_batch_cost: 0.33332 s, avg_samples: 8.0, ips: 24.00097 samples/s, eta: 1:11:13, max_mem_reserved: 1791 MB, max_mem_allocated: 1686 MB
[2026/10/04 18:35:02] ppocr INFO: cur metric, acc: 0.8764744415523027, norm_edit_dis: 0.947803480078328, fps: 94.12218460607359
[2026/10/04 18:35:03] ppocr INFO: save best model is to D:/HocTap/Projects/NCKH-Medicare/dataset/processed/vaipe-ocr-crops/paddleocr/fine-tune/model\best_accuracy
[2026/10/04 18:35:03] ppocr INFO: best metric, acc: 0.8764744415523027, is_float16: False, norm_edit_dis: 0.947803480078328, fps: 94.12218460607359, best_epoch: 2
[2026/10/04 18:35:20] ppocr INFO: epoch: [2/5], global_step: 5550, lr: 0.000049, acc: 0.812499, norm_edit_dis: 0.972304, CTCLoss: 1.898435, NRTRLoss: 0.877069, loss: 2.771345, avg_reader_cost: 0.00383 s, avg_batch_cost: 0.33061 s, avg_samples: 8.0, ips: 24.19804 samples/s, eta: 1:10:55, max_mem_reserved: 1791 MB, max_mem_allocated: 1686 MB
[2026/10/04 18:35:36] ppocr INFO: epoch: [2/5], global_step: 5600, lr: 0.000049, acc: 0.874999, norm_edit_dis: 0.959077, CTCLoss: 2.342953, NRTRLoss: 0.878021, loss: 3.279153, avg_reader_cost: 0.00381 s, avg_batch_cost: 0.32850 s, avg_samples: 8.0, ips: 24.35301 samples/s, eta: 1:10:37, max_mem_reserved: 1791 MB, max_mem_allocated: 1686 MB
[2026/10/04 18:35:53] ppocr INFO: epoch: [2/5], global_step: 5650, lr: 0.000048, acc: 0.874999, norm_edit_dis: 0.991369, CTCLoss: 1.159238, NRTRLoss: 0.870719, loss: 2.033130, avg_reader_cost: 0.00397 s, avg_batch_cost: 0.32667 s, avg_samples: 8.0, ips: 24.48956 samples/s, eta: 1:10:19, max_mem_reserved: 1791 MB, max_mem_allocated: 1686 MB
[2026/10/04 18:36:09] ppocr INFO: epoch: [2/5], global_step: 5700, lr: 0.000048, acc: 0.874999, norm_edit_dis: 0.974006, CTCLoss: 1.795695, NRTRLoss: 0.869680, loss: 2.683632, avg_reader_cost: 0.00381 s, avg_batch_cost: 0.32390 s, avg_samples: 8.0, ips: 24.69916 samples/s, eta: 1:10:00, max_mem_reserved: 1791 MB, max_mem_allocated: 1686 MB
[2026/10/04 18:36:25] ppocr INFO: epoch: [2/5], global_step: 5750, lr: 0.000048, acc: 0.874999, norm_edit_dis: 0.956337, CTCLoss: 2.445713, NRTRLoss: 0.873098, loss: 3.359865, avg_reader_cost: 0.00375 s, avg_batch_cost: 0.32850 s, avg_samples: 8.0, ips: 24.35279 samples/s, eta: 1:09:42, max_mem_reserved: 1791 MB, max_mem_allocated: 1686 MB
[2026/10/04 18:36:42] ppocr INFO: epoch: [2/5], global_step: 5800, lr: 0.000048, acc: 0.874999, norm_edit_dis: 0.988734, CTCLoss: 1.355532, NRTRLoss: 0.881803, loss: 2.228021, avg_reader_cost: 0.00408 s, avg_batch_cost: 0.33346 s, avg_samples: 8.0, ips: 23.99113 samples/s, eta: 1:09:24, max_mem_reserved: 1791 MB, max_mem_allocated: 1686 MB
[2026/10/04 18:36:58] ppocr INFO: epoch: [2/5], global_step: 5850, lr: 0.000048, acc: 0.874999, norm_edit_dis: 0.946875, CTCLoss: 1.842037, NRTRLoss: 0.887659, loss: 2.734205, avg_reader_cost: 0.00341 s, avg_batch_cost: 0.31453 s, avg_samples: 8.0, ips: 25.43453 samples/s, eta: 1:09:05, max_mem_reserved: 1791 MB, max_mem_allocated: 1686 MB
[2026/10/04 18:37:18] ppocr INFO: epoch: [2/5], global_step: 5900, lr: 0.000048, acc: 0.812499, norm_edit_dis: 0.940365, CTCLoss: 2.545745, NRTRLoss: 0.894731, loss: 3.525546, avg_reader_cost: 0.00426 s, avg_batch_cost: 0.39721 s, avg_samples: 8.0, ips: 20.14032 samples/s, eta: 1:08:54, max_mem_reserved: 1791 MB, max_mem_allocated: 1686 MB
[2026/10/04 18:37:36] ppocr INFO: epoch: [2/5], global_step: 5950, lr: 0.000048, acc: 0.874999, norm_edit_dis: 0.965121, CTCLoss: 1.573590, NRTRLoss: 0.872348, loss: 2.464152, avg_reader_cost: 0.00400 s, avg_batch_cost: 0.35671 s, avg_samples: 8.0, ips: 22.42715 samples/s, eta: 1:08:39, max_mem_reserved: 1791 MB, max_mem_allocated: 1686 MB
[2026/10/04 18:37:53] ppocr INFO: epoch: [2/5], global_step: 6000, lr: 0.000048, acc: 0.874999, norm_edit_dis: 0.979167, CTCLoss: 1.532095, NRTRLoss: 0.880281, loss: 2.405918, avg_reader_cost: 0.00413 s, avg_batch_cost: 0.34034 s, avg_samples: 8.0, ips: 23.50598 samples/s, eta: 1:08:22, max_mem_reserved: 1791 MB, max_mem_allocated: 1686 MB
[2026/10/04 18:38:35] ppocr INFO: cur metric, acc: 0.8771297495459867, norm_edit_dis: 0.9513671704315656, fps: 146.333403483963
[2026/10/04 18:38:38] ppocr INFO: save best model is to D:/HocTap/Projects/NCKH-Medicare/dataset/processed/vaipe-ocr-crops/paddleocr/fine-tune/model\best_accuracy
[2026/10/04 18:38:38] ppocr INFO: best metric, acc: 0.8771297495459867, is_float16: False, norm_edit_dis: 0.9513671704315656, fps: 146.333403483963, best_epoch: 2
[2026/10/04 18:38:56] ppocr INFO: epoch: [2/5], global_step: 6050, lr: 0.000048, acc: 0.874999, norm_edit_dis: 0.977249, CTCLoss: 2.139650, NRTRLoss: 0.881776, loss: 3.068341, avg_reader_cost: 0.00421 s, avg_batch_cost: 0.35044 s, avg_samples: 8.0, ips: 22.82846 samples/s, eta: 1:08:06, max_mem_reserved: 1791 MB, max_mem_allocated: 1686 MB
[2026/10/04 18:39:13] ppocr INFO: epoch: [2/5], global_step: 6100, lr: 0.000048, acc: 0.874999, norm_edit_dis: 0.979167, CTCLoss: 1.315860, NRTRLoss: 0.874158, loss: 2.200036, avg_reader_cost: 0.00390 s, avg_batch_cost: 0.33710 s, avg_samples: 8.0, ips: 23.73169 samples/s, eta: 1:07:49, max_mem_reserved: 1791 MB, max_mem_allocated: 1686 MB
[2026/10/04 18:39:30] ppocr INFO: epoch: [2/5], global_step: 6150, lr: 0.000048, acc: 0.874999, norm_edit_dis: 0.987202, CTCLoss: 1.078014, NRTRLoss: 0.892037, loss: 1.953814, avg_reader_cost: 0.00380 s, avg_batch_cost: 0.34005 s, avg_samples: 8.0, ips: 23.52623 samples/s, eta: 1:07:32, max_mem_reserved: 1791 MB, max_mem_allocated: 1686 MB
[2026/10/04 18:39:47] ppocr INFO: epoch: [2/5], global_step: 6200, lr: 0.000048, acc: 0.937499, norm_edit_dis: 0.996875, CTCLoss: 1.064373, NRTRLoss: 0.872546, loss: 1.933868, avg_reader_cost: 0.00386 s, avg_batch_cost: 0.33354 s, avg_samples: 8.0, ips: 23.98543 samples/s, eta: 1:07:14, max_mem_reserved: 1791 MB, max_mem_allocated: 1686 MB
[2026/10/04 18:40:03] ppocr INFO: epoch: [2/5], global_step: 6250, lr: 0.000047, acc: 0.874999, norm_edit_dis: 0.981702, CTCLoss: 1.473472, NRTRLoss: 0.875840, loss: 2.346211, avg_reader_cost: 0.00393 s, avg_batch_cost: 0.33489 s, avg_samples: 8.0, ips: 23.88815 samples/s, eta: 1:06:57, max_mem_reserved: 1791 MB, max_mem_allocated: 1686 MB
[2026/10/04 18:40:21] ppocr INFO: epoch: [2/5], global_step: 6300, lr: 0.000047, acc: 0.874999, norm_edit_dis: 0.989511, CTCLoss: 1.282297, NRTRLoss: 0.866246, loss: 2.171998, avg_reader_cost: 0.00429 s, avg_batch_cost: 0.35012 s, avg_samples: 8.0, ips: 22.84949 samples/s, eta: 1:06:41, max_mem_reserved: 1791 MB, max_mem_allocated: 1686 MB
[2026/10/04 18:40:38] ppocr INFO: epoch: [2/5], global_step: 6350, lr: 0.000047, acc: 0.874999, norm_edit_dis: 0.980655, CTCLoss: 1.223402, NRTRLoss: 0.887755, loss: 2.112799, avg_reader_cost: 0.00390 s, avg_batch_cost: 0.33599 s, avg_samples: 8.0, ips: 23.81055 samples/s, eta: 1:06:24, max_mem_reserved: 1791 MB, max_mem_allocated: 1686 MB
[2026/10/04 18:40:54] ppocr INFO: epoch: [2/5], global_step: 6400, lr: 0.000047, acc: 0.874999, norm_edit_dis: 0.988636, CTCLoss: 0.925102, NRTRLoss: 0.874242, loss: 1.830075, avg_reader_cost: 0.00391 s, avg_batch_cost: 0.33285 s, avg_samples: 8.0, ips: 24.03460 samples/s, eta: 1:06:06, max_mem_reserved: 1791 MB, max_mem_allocated: 1686 MB
[2026/10/04 18:41:11] ppocr INFO: epoch: [2/5], global_step: 6450, lr: 0.000047, acc: 0.874999, norm_edit_dis: 0.992246, CTCLoss: 0.974856, NRTRLoss: 0.868564, loss: 1.838112, avg_reader_cost: 0.00394 s, avg_batch_cost: 0.33240 s, avg_samples: 8.0, ips: 24.06744 samples/s, eta: 1:05:49, max_mem_reserved: 1791 MB, max_mem_allocated: 1686 MB
[2026/10/04 18:41:28] ppocr INFO: epoch: [2/5], global_step: 6500, lr: 0.000047, acc: 0.874999, norm_edit_dis: 0.971645, CTCLoss: 1.310225, NRTRLoss: 0.870488, loss: 2.179995, avg_reader_cost: 0.00390 s, avg_batch_cost: 0.33451 s, avg_samples: 8.0, ips: 23.91528 samples/s, eta: 1:05:31, max_mem_reserved: 1791 MB, max_mem_allocated: 1686 MB
[2026/10/04 18:42:35] ppocr INFO: cur metric, acc: 0.8923656603991389, norm_edit_dis: 0.9545803584574373, fps: 93.3189649180502
[2026/10/04 18:42:37] ppocr INFO: save best model is to D:/HocTap/Projects/NCKH-Medicare/dataset/processed/vaipe-ocr-crops/paddleocr/fine-tune/model\best_accuracy
[2026/10/04 18:42:37] ppocr INFO: best metric, acc: 0.8923656603991389, is_float16: False, norm_edit_dis: 0.9545803584574373, fps: 93.3189649180502, best_epoch: 2
[2026/10/04 18:42:54] ppocr INFO: epoch: [2/5], global_step: 6550, lr: 0.000047, acc: 0.874999, norm_edit_dis: 0.969478, CTCLoss: 1.669830, NRTRLoss: 0.871254, loss: 2.615201, avg_reader_cost: 0.00393 s, avg_batch_cost: 0.34105 s, avg_samples: 8.0, ips: 23.45665 samples/s, eta: 1:05:14, max_mem_reserved: 1791 MB, max_mem_allocated: 1686 MB
[2026/10/04 18:43:11] ppocr INFO: epoch: [2/5], global_step: 6600, lr: 0.000047, acc: 0.874999, norm_edit_dis: 0.962950, CTCLoss: 1.128312, NRTRLoss: 0.863975, loss: 1.993225, avg_reader_cost: 0.00369 s, avg_batch_cost: 0.33586 s, avg_samples: 8.0, ips: 23.81932 samples/s, eta: 1:04:57, max_mem_reserved: 1791 MB, max_mem_allocated: 1686 MB
[2026/10/04 18:43:28] ppocr INFO: epoch: [2/5], global_step: 6650, lr: 0.000047, acc: 0.874999, norm_edit_dis: 0.932292, CTCLoss: 1.770761, NRTRLoss: 0.883713, loss: 2.699442, avg_reader_cost: 0.00385 s, avg_batch_cost: 0.33458 s, avg_samples: 8.0, ips: 23.91089 samples/s, eta: 1:04:40, max_mem_reserved: 1791 MB, max_mem_allocated: 1686 MB
[2026/10/04 18:43:44] ppocr INFO: epoch: [2/5], global_step: 6700, lr: 0.000047, acc: 0.874999, norm_edit_dis: 0.991629, CTCLoss: 0.942001, NRTRLoss: 0.863930, loss: 1.809231, avg_reader_cost: 0.00399 s, avg_batch_cost: 0.33215 s, avg_samples: 8.0, ips: 24.08517 samples/s, eta: 1:04:22, max_mem_reserved: 1791 MB, max_mem_allocated: 1686 MB
[2026/10/04 18:44:01] ppocr INFO: epoch: [2/5], global_step: 6750, lr: 0.000046, acc: 0.999999, norm_edit_dis: 1.000000, CTCLoss: 0.523164, NRTRLoss: 0.864177, loss: 1.389944, avg_reader_cost: 0.00389 s, avg_batch_cost: 0.32800 s, avg_samples: 8.0, ips: 24.39003 samples/s, eta: 1:04:04, max_mem_reserved: 1791 MB, max_mem_allocated: 1686 MB
[2026/10/04 18:44:17] ppocr INFO: epoch: [2/5], global_step: 6800, lr: 0.000046, acc: 0.999999, norm_edit_dis: 1.000000, CTCLoss: 0.604778, NRTRLoss: 0.865612, loss: 1.464735, avg_reader_cost: 0.00404 s, avg_batch_cost: 0.32991 s, avg_samples: 8.0, ips: 24.24885 samples/s, eta: 1:03:47, max_mem_reserved: 1791 MB, max_mem_allocated: 1686 MB
[2026/10/04 18:44:34] ppocr INFO: epoch: [2/5], global_step: 6850, lr: 0.000046, acc: 0.874999, norm_edit_dis: 0.949849, CTCLoss: 1.213193, NRTRLoss: 0.878317, loss: 2.085567, avg_reader_cost: 0.00387 s, avg_batch_cost: 0.33255 s, avg_samples: 8.0, ips: 24.05638 samples/s, eta: 1:03:29, max_mem_reserved: 1791 MB, max_mem_allocated: 1686 MB
[2026/10/04 18:44:50] ppocr INFO: epoch: [2/5], global_step: 6900, lr: 0.000046, acc: 0.874999, norm_edit_dis: 0.921577, CTCLoss: 2.155013, NRTRLoss: 0.942300, loss: 3.155690, avg_reader_cost: 0.00400 s, avg_batch_cost: 0.33359 s, avg_samples: 8.0, ips: 23.98129 samples/s, eta: 1:03:12, max_mem_reserved: 1791 MB, max_mem_allocated: 1686 MB
[2026/10/04 18:45:07] ppocr INFO: epoch: [2/5], global_step: 6950, lr: 0.000046, acc: 0.874999, norm_edit_dis: 0.991927, CTCLoss: 1.216837, NRTRLoss: 0.866888, loss: 2.114944, avg_reader_cost: 0.00393 s, avg_batch_cost: 0.33298 s, avg_samples: 8.0, ips: 24.02528 samples/s, eta: 1:02:54, max_mem_reserved: 1791 MB, max_mem_allocated: 1686 MB
[2026/10/04 18:45:24] ppocr INFO: epoch: [2/5], global_step: 7000, lr: 0.000046, acc: 0.874999, norm_edit_dis: 0.985938, CTCLoss: 0.895845, NRTRLoss: 0.863754, loss: 1.781679, avg_reader_cost: 0.00390 s, avg_batch_cost: 0.33026 s, avg_samples: 8.0, ips: 24.22311 samples/s, eta: 1:02:37, max_mem_reserved: 1791 MB, max_mem_allocated: 1686 MB
[2026/10/04 18:46:31] ppocr INFO: cur metric, acc: 0.8935124493880858, norm_edit_dis: 0.9567977689372319, fps: 92.81671988364724
[2026/10/04 18:46:33] ppocr INFO: save best model is to D:/HocTap/Projects/NCKH-Medicare/dataset/processed/vaipe-ocr-crops/paddleocr/fine-tune/model\best_accuracy
[2026/10/04 18:46:33] ppocr INFO: best metric, acc: 0.8935124493880858, is_float16: False, norm_edit_dis: 0.9567977689372319, fps: 92.81671988364724, best_epoch: 2
[2026/10/04 18:46:52] ppocr INFO: epoch: [2/5], global_step: 7050, lr: 0.000046, acc: 0.874999, norm_edit_dis: 0.910714, CTCLoss: 2.120303, NRTRLoss: 0.962214, loss: 3.096404, avg_reader_cost: 0.00415 s, avg_batch_cost: 0.36973 s, avg_samples: 8.0, ips: 21.63759 samples/s, eta: 1:02:22, max_mem_reserved: 1791 MB, max_mem_allocated: 1686 MB
[2026/10/04 18:47:10] ppocr INFO: epoch: [2/5], global_step: 7100, lr: 0.000046, acc: 0.874999, norm_edit_dis: 0.974418, CTCLoss: 1.257820, NRTRLoss: 0.884739, loss: 2.138724, avg_reader_cost: 0.00423 s, avg_batch_cost: 0.37530 s, avg_samples: 8.0, ips: 21.31603 samples/s, eta: 1:02:08, max_mem_reserved: 1791 MB, max_mem_allocated: 1686 MB
[2026/10/04 18:47:30] ppocr INFO: epoch: [2/5], global_step: 7150, lr: 0.000045, acc: 0.874999, norm_edit_dis: 0.956944, CTCLoss: 1.596076, NRTRLoss: 0.865035, loss: 2.459684, avg_reader_cost: 0.00445 s, avg_batch_cost: 0.38565 s, avg_samples: 8.0, ips: 20.74420 samples/s, eta: 1:01:55, max_mem_reserved: 1791 MB, max_mem_allocated: 1686 MB
[2026/10/04 18:47:49] ppocr INFO: epoch: [2/5], global_step: 7200, lr: 0.000045, acc: 0.874999, norm_edit_dis: 0.981399, CTCLoss: 1.341616, NRTRLoss: 0.872861, loss: 2.208683, avg_reader_cost: 0.00446 s, avg_batch_cost: 0.39009 s, avg_samples: 8.0, ips: 20.50816 samples/s, eta: 1:01:41, max_mem_reserved: 1791 MB, max_mem_allocated: 1686 MB
[2026/10/04 18:48:04] ppocr INFO: save model in D:/HocTap/Projects/NCKH-Medicare/dataset/processed/vaipe-ocr-crops/paddleocr/fine-tune/model\latest
[2026/10/04 18:48:05] ppocr INFO: save model in D:/HocTap/Projects/NCKH-Medicare/dataset/processed/vaipe-ocr-crops/paddleocr/fine-tune/model\iter_epoch_2
[2026/10/04 18:48:11] ppocr INFO: epoch: [3/5], global_step: 7250, lr: 0.000045, acc: 0.874999, norm_edit_dis: 0.988281, CTCLoss: 1.123796, NRTRLoss: 0.863208, loss: 1.986411, avg_reader_cost: 0.00552 s, avg_batch_cost: 0.38670 s, avg_samples: 8.0, ips: 20.68809 samples/s, eta: 1:01:28, max_mem_reserved: 1791 MB, max_mem_allocated: 1686 MB
[2026/10/04 18:48:30] ppocr INFO: epoch: [3/5], global_step: 7300, lr: 0.000045, acc: 0.999999, norm_edit_dis: 1.000000, CTCLoss: 0.369082, NRTRLoss: 0.862375, loss: 1.232298, avg_reader_cost: 0.00435 s, avg_batch_cost: 0.38320 s, avg_samples: 8.0, ips: 20.87659 samples/s, eta: 1:01:14, max_mem_reserved: 1791 MB, max_mem_allocated: 1686 MB
[2026/10/04 18:48:51] ppocr INFO: epoch: [3/5], global_step: 7350, lr: 0.000045, acc: 0.874999, norm_edit_dis: 0.985863, CTCLoss: 1.023902, NRTRLoss: 0.864593, loss: 1.886818, avg_reader_cost: 0.00474 s, avg_batch_cost: 0.40984 s, avg_samples: 8.0, ips: 19.51991 samples/s, eta: 1:01:02, max_mem_reserved: 1791 MB, max_mem_allocated: 1686 MB
[2026/10/04 18:49:13] ppocr INFO: epoch: [3/5], global_step: 7400, lr: 0.000045, acc: 0.874999, norm_edit_dis: 0.992361, CTCLoss: 0.623557, NRTRLoss: 0.860776, loss: 1.492893, avg_reader_cost: 0.00540 s, avg_batch_cost: 0.44814 s, avg_samples: 8.0, ips: 17.85166 samples/s, eta: 1:00:52, max_mem_reserved: 1791 MB, max_mem_allocated: 1686 MB
[2026/10/04 18:49:36] ppocr INFO: epoch: [3/5], global_step: 7450, lr: 0.000045, acc: 0.874999, norm_edit_dis: 0.986979, CTCLoss: 1.124527, NRTRLoss: 0.895618, loss: 1.983999, avg_reader_cost: 0.00535 s, avg_batch_cost: 0.45446 s, avg_samples: 8.0, ips: 17.60315 samples/s, eta: 1:00:43, max_mem_reserved: 1791 MB, max_mem_allocated: 1686 MB
[2026/10/04 18:49:59] ppocr INFO: epoch: [3/5], global_step: 7500, lr: 0.000045, acc: 0.874999, norm_edit_dis: 0.966667, CTCLoss: 1.471631, NRTRLoss: 0.877993, loss: 2.339719, avg_reader_cost: 0.00546 s, avg_batch_cost: 0.45841 s, avg_samples: 8.0, ips: 17.45150 samples/s, eta: 1:00:34, max_mem_reserved: 1791 MB, max_mem_allocated: 1686 MB
[2026/10/04 18:51:23] ppocr INFO: cur metric, acc: 0.9113695922159738, norm_edit_dis: 0.9609195301162273, fps: 75.08141637559213
[2026/10/04 18:51:26] ppocr INFO: save best model is to D:/HocTap/Projects/NCKH-Medicare/dataset/processed/vaipe-ocr-crops/paddleocr/fine-tune/model\best_accuracy
[2026/10/04 18:51:26] ppocr INFO: best metric, acc: 0.9113695922159738, is_float16: False, norm_edit_dis: 0.9609195301162273, fps: 75.08141637559213, best_epoch: 3
[2026/10/04 18:51:43] ppocr INFO: epoch: [3/5], global_step: 7550, lr: 0.000044, acc: 0.874999, norm_edit_dis: 0.985243, CTCLoss: 1.107391, NRTRLoss: 0.862317, loss: 1.969308, avg_reader_cost: 0.00410 s, avg_batch_cost: 0.35220 s, avg_samples: 8.0, ips: 22.71406 samples/s, eta: 1:00:18, max_mem_reserved: 1791 MB, max_mem_allocated: 1686 MB
[2026/10/04 18:51:55] ppocr INFO: epoch: [3/5], global_step: 7600, lr: 0.000044, acc: 0.999999, norm_edit_dis: 1.000000, CTCLoss: 0.568633, NRTRLoss: 0.859617, loss: 1.427094, avg_reader_cost: 0.00268 s, avg_batch_cost: 0.23894 s, avg_samples: 8.0, ips: 33.48110 samples/s, eta: 0:59:54, max_mem_reserved: 1791 MB, max_mem_allocated: 1686 MB
[2026/10/04 18:52:07] ppocr INFO: epoch: [3/5], global_step: 7650, lr: 0.000044, acc: 0.874999, norm_edit_dis: 0.901786, CTCLoss: 2.033902, NRTRLoss: 0.889528, loss: 2.976938, avg_reader_cost: 0.00292 s, avg_batch_cost: 0.24596 s, avg_samples: 8.0, ips: 32.52526 samples/s, eta: 0:59:30, max_mem_reserved: 1791 MB, max_mem_allocated: 1686 MB
[2026/10/04 18:52:19] ppocr INFO: epoch: [3/5], global_step: 7700, lr: 0.000044, acc: 0.874999, norm_edit_dis: 0.969551, CTCLoss: 1.485099, NRTRLoss: 0.883246, loss: 2.365900, avg_reader_cost: 0.00247 s, avg_batch_cost: 0.22312 s, avg_samples: 8.0, ips: 35.85554 samples/s, eta: 0:59:05, max_mem_reserved: 1791 MB, max_mem_allocated: 1686 MB
[2026/10/04 18:52:29] ppocr INFO: epoch: [3/5], global_step: 7750, lr: 0.000044, acc: 0.874999, norm_edit_dis: 0.988591, CTCLoss: 0.721565, NRTRLoss: 0.858538, loss: 1.580103, avg_reader_cost: 0.00210 s, avg_batch_cost: 0.19849 s, avg_samples: 8.0, ips: 40.30499 samples/s, eta: 0:58:38, max_mem_reserved: 1791 MB, max_mem_allocated: 1686 MB
[2026/10/04 18:52:39] ppocr INFO: epoch: [3/5], global_step: 7800, lr: 0.000044, acc: 0.874999, norm_edit_dis: 0.986038, CTCLoss: 0.682151, NRTRLoss: 0.860012, loss: 1.542894, avg_reader_cost: 0.00216 s, avg_batch_cost: 0.20166 s, avg_samples: 8.0, ips: 39.66982 samples/s, eta: 0:58:12, max_mem_reserved: 1791 MB, max_mem_allocated: 1686 MB
[2026/10/04 18:52:49] ppocr INFO: epoch: [3/5], global_step: 7850, lr: 0.000044, acc: 0.874999, norm_edit_dis: 0.992246, CTCLoss: 0.550479, NRTRLoss: 0.859620, loss: 1.409015, avg_reader_cost: 0.00213 s, avg_batch_cost: 0.20081 s, avg_samples: 8.0, ips: 39.83862 samples/s, eta: 0:57:46, max_mem_reserved: 1791 MB, max_mem_allocated: 1686 MB
[2026/10/04 18:52:59] ppocr INFO: epoch: [3/5], global_step: 7900, lr: 0.000043, acc: 0.874999, norm_edit_dis: 0.968546, CTCLoss: 0.865235, NRTRLoss: 0.866311, loss: 1.731460, avg_reader_cost: 0.00211 s, avg_batch_cost: 0.20147 s, avg_samples: 8.0, ips: 39.70805 samples/s, eta: 0:57:20, max_mem_reserved: 1791 MB, max_mem_allocated: 1686 MB
[2026/10/04 18:53:09] ppocr INFO: epoch: [3/5], global_step: 7950, lr: 0.000043, acc: 0.874999, norm_edit_dis: 0.991859, CTCLoss: 0.796806, NRTRLoss: 0.858839, loss: 1.655640, avg_reader_cost: 0.00220 s, avg_batch_cost: 0.20429 s, avg_samples: 8.0, ips: 39.15927 samples/s, eta: 0:56:55, max_mem_reserved: 1791 MB, max_mem_allocated: 1686 MB
[2026/10/04 18:53:19] ppocr INFO: epoch: [3/5], global_step: 8000, lr: 0.000043, acc: 0.999999, norm_edit_dis: 1.000000, CTCLoss: 0.309099, NRTRLoss: 0.858503, loss: 1.172981, avg_reader_cost: 0.00204 s, avg_batch_cost: 0.20518 s, avg_samples: 8.0, ips: 38.99060 samples/s, eta: 0:56:30, max_mem_reserved: 1791 MB, max_mem_allocated: 1686 MB
[2026/10/04 18:53:47] ppocr INFO: cur metric, acc: 0.9161205751701825, norm_edit_dis: 0.9609090142754377, fps: 222.96306324709343
[2026/10/04 18:53:48] ppocr INFO: save best model is to D:/HocTap/Projects/NCKH-Medicare/dataset/processed/vaipe-ocr-crops/paddleocr/fine-tune/model\best_accuracy
[2026/10/04 18:53:48] ppocr INFO: best metric, acc: 0.9161205751701825, is_float16: False, norm_edit_dis: 0.9609090142754377, fps: 222.96306324709343, best_epoch: 3
[2026/10/04 18:53:59] ppocr INFO: epoch: [3/5], global_step: 8050, lr: 0.000043, acc: 0.999999, norm_edit_dis: 1.000000, CTCLoss: 0.417939, NRTRLoss: 0.857449, loss: 1.275388, avg_reader_cost: 0.00243 s, avg_batch_cost: 0.20560 s, avg_samples: 8.0, ips: 38.90991 samples/s, eta: 0:56:05, max_mem_reserved: 1791 MB, max_mem_allocated: 1686 MB
[2026/10/04 18:54:11] ppocr INFO: epoch: [3/5], global_step: 8100, lr: 0.000043, acc: 0.874999, norm_edit_dis: 0.948785, CTCLoss: 1.089128, NRTRLoss: 0.864708, loss: 1.974996, avg_reader_cost: 0.00255 s, avg_batch_cost: 0.23905 s, avg_samples: 8.0, ips: 33.46625 samples/s, eta: 0:55:42, max_mem_reserved: 1791 MB, max_mem_allocated: 1686 MB
[2026/10/04 18:54:31] ppocr INFO: epoch: [3/5], global_step: 8150, lr: 0.000043, acc: 0.999999, norm_edit_dis: 1.000000, CTCLoss: 0.263765, NRTRLoss: 0.857393, loss: 1.121130, avg_reader_cost: 0.00457 s, avg_batch_cost: 0.40931 s, avg_samples: 8.0, ips: 19.54487 samples/s, eta: 0:55:30, max_mem_reserved: 1791 MB, max_mem_allocated: 1686 MB
[2026/10/04 18:54:51] ppocr INFO: epoch: [3/5], global_step: 8200, lr: 0.000043, acc: 0.874999, norm_edit_dis: 0.986806, CTCLoss: 0.666970, NRTRLoss: 0.861321, loss: 1.526443, avg_reader_cost: 0.00477 s, avg_batch_cost: 0.39496 s, avg_samples: 8.0, ips: 20.25537 samples/s, eta: 0:55:17, max_mem_reserved: 1791 MB, max_mem_allocated: 1686 MB
[2026/10/04 18:55:11] ppocr INFO: epoch: [3/5], global_step: 8250, lr: 0.000042, acc: 0.937499, norm_edit_dis: 0.996875, CTCLoss: 0.935829, NRTRLoss: 0.892270, loss: 1.812651, avg_reader_cost: 0.00437 s, avg_batch_cost: 0.40778 s, avg_samples: 8.0, ips: 19.61827 samples/s, eta: 0:55:04, max_mem_reserved: 1791 MB, max_mem_allocated: 1686 MB
[2026/10/04 18:55:31] ppocr INFO: epoch: [3/5], global_step: 8300, lr: 0.000042, acc: 0.874999, norm_edit_dis: 0.985863, CTCLoss: 0.735195, NRTRLoss: 0.882713, loss: 1.621722, avg_reader_cost: 0.00459 s, avg_batch_cost: 0.39110 s, avg_samples: 8.0, ips: 20.45516 samples/s, eta: 0:54:51, max_mem_reserved: 1791 MB, max_mem_allocated: 1686 MB
[2026/10/04 18:55:51] ppocr INFO: epoch: [3/5], global_step: 8350, lr: 0.000042, acc: 0.999999, norm_edit_dis: 1.000000, CTCLoss: 0.555692, NRTRLoss: 0.860964, loss: 1.411405, avg_reader_cost: 0.00446 s, avg_batch_cost: 0.40438 s, avg_samples: 8.0, ips: 19.78344 samples/s, eta: 0:54:38, max_mem_reserved: 1791 MB, max_mem_allocated: 1686 MB
[2026/10/04 18:56:11] ppocr INFO: epoch: [3/5], global_step: 8400, lr: 0.000042, acc: 0.874999, norm_edit_dis: 0.992851, CTCLoss: 0.758062, NRTRLoss: 0.863694, loss: 1.621637, avg_reader_cost: 0.00447 s, avg_batch_cost: 0.39764 s, avg_samples: 8.0, ips: 20.11890 samples/s, eta: 0:54:24, max_mem_reserved: 1791 MB, max_mem_allocated: 1686 MB
[2026/10/04 18:56:31] ppocr INFO: epoch: [3/5], global_step: 8450, lr: 0.000042, acc: 0.874999, norm_edit_dis: 0.990728, CTCLoss: 0.539413, NRTRLoss: 0.857284, loss: 1.395621, avg_reader_cost: 0.00445 s, avg_batch_cost: 0.40023 s, avg_samples: 8.0, ips: 19.98871 samples/s, eta: 0:54:11, max_mem_reserved: 1791 MB, max_mem_allocated: 1686 MB
[2026/10/04 18:56:51] ppocr INFO: epoch: [3/5], global_step: 8500, lr: 0.000042, acc: 0.999999, norm_edit_dis: 1.000000, CTCLoss: 0.551622, NRTRLoss: 0.862322, loss: 1.409134, avg_reader_cost: 0.00489 s, avg_batch_cost: 0.39446 s, avg_samples: 8.0, ips: 20.28066 samples/s, eta: 0:53:58, max_mem_reserved: 1791 MB, max_mem_allocated: 1686 MB
[2026/10/04 18:58:07] ppocr INFO: cur metric, acc: 0.9062909552649231, norm_edit_dis: 0.9549242266476015, fps: 81.57872493209436
[2026/10/04 18:58:07] ppocr INFO: best metric, acc: 0.9161205751701825, is_float16: False, norm_edit_dis: 0.9609090142754377, fps: 222.96306324709343, best_epoch: 3
[2026/10/04 18:58:26] ppocr INFO: epoch: [3/5], global_step: 8550, lr: 0.000041, acc: 0.874999, norm_edit_dis: 0.962185, CTCLoss: 1.868244, NRTRLoss: 0.907572, loss: 2.787472, avg_reader_cost: 0.00450 s, avg_batch_cost: 0.37760 s, avg_samples: 8.0, ips: 21.18658 samples/s, eta: 0:53:43, max_mem_reserved: 1791 MB, max_mem_allocated: 1686 MB
[2026/10/04 18:58:46] ppocr INFO: epoch: [3/5], global_step: 8600, lr: 0.000041, acc: 0.874999, norm_edit_dis: 0.985243, CTCLoss: 0.669021, NRTRLoss: 0.860657, loss: 1.531827, avg_reader_cost: 0.00456 s, avg_batch_cost: 0.38839 s, avg_samples: 8.0, ips: 20.59791 samples/s, eta: 0:53:29, max_mem_reserved: 1791 MB, max_mem_allocated: 1686 MB
[2026/10/04 18:59:07] ppocr INFO: epoch: [3/5], global_step: 8650, lr: 0.000041, acc: 0.874999, norm_edit_dis: 0.955357, CTCLoss: 1.010441, NRTRLoss: 0.877129, loss: 1.885436, avg_reader_cost: 0.00544 s, avg_batch_cost: 0.42388 s, avg_samples: 8.0, ips: 18.87319 samples/s, eta: 0:53:17, max_mem_reserved: 1791 MB, max_mem_allocated: 1686 MB
[2026/10/04 18:59:26] ppocr INFO: epoch: [3/5], global_step: 8700, lr: 0.000041, acc: 0.999999, norm_edit_dis: 1.000000, CTCLoss: 0.348370, NRTRLoss: 0.860581, loss: 1.207794, avg_reader_cost: 0.00459 s, avg_batch_cost: 0.38220 s, avg_samples: 8.0, ips: 20.93126 samples/s, eta: 0:53:02, max_mem_reserved: 1791 MB, max_mem_allocated: 1686 MB
[2026/10/04 18:59:47] ppocr INFO: epoch: [3/5], global_step: 8750, lr: 0.000041, acc: 0.937499, norm_edit_dis: 0.996324, CTCLoss: 0.716243, NRTRLoss: 0.865579, loss: 1.574554, avg_reader_cost: 0.00495 s, avg_batch_cost: 0.42347 s, avg_samples: 8.0, ips: 18.89138 samples/s, eta: 0:52:50, max_mem_reserved: 1791 MB, max_mem_allocated: 1686 MB
[2026/10/04 19:00:07] ppocr INFO: epoch: [3/5], global_step: 8800, lr: 0.000041, acc: 0.874999, norm_edit_dis: 0.966667, CTCLoss: 1.422567, NRTRLoss: 0.870005, loss: 2.347077, avg_reader_cost: 0.00451 s, avg_batch_cost: 0.39872 s, avg_samples: 8.0, ips: 20.06423 samples/s, eta: 0:52:36, max_mem_reserved: 1791 MB, max_mem_allocated: 1686 MB
[2026/10/04 19:00:27] ppocr INFO: epoch: [3/5], global_step: 8850, lr: 0.000040, acc: 0.937499, norm_edit_dis: 0.995833, CTCLoss: 0.480698, NRTRLoss: 0.856469, loss: 1.336460, avg_reader_cost: 0.00430 s, avg_batch_cost: 0.38537 s, avg_samples: 8.0, ips: 20.75917 samples/s, eta: 0:52:21, max_mem_reserved: 1791 MB, max_mem_allocated: 1686 MB
[2026/10/04 19:00:46] ppocr INFO: epoch: [3/5], global_step: 8900, lr: 0.000040, acc: 0.999999, norm_edit_dis: 1.000000, CTCLoss: 0.478836, NRTRLoss: 0.860654, loss: 1.333709, avg_reader_cost: 0.00430 s, avg_batch_cost: 0.39463 s, avg_samples: 8.0, ips: 20.27208 samples/s, eta: 0:52:07, max_mem_reserved: 1791 MB, max_mem_allocated: 1686 MB
[2026/10/04 19:01:05] ppocr INFO: epoch: [3/5], global_step: 8950, lr: 0.000040, acc: 0.937499, norm_edit_dis: 0.989583, CTCLoss: 0.995587, NRTRLoss: 0.861868, loss: 1.862433, avg_reader_cost: 0.00430 s, avg_batch_cost: 0.36490 s, avg_samples: 8.0, ips: 21.92404 samples/s, eta: 0:51:51, max_mem_reserved: 1791 MB, max_mem_allocated: 1686 MB
[2026/10/04 19:01:23] ppocr INFO: epoch: [3/5], global_step: 9000, lr: 0.000040, acc: 0.999999, norm_edit_dis: 1.000000, CTCLoss: 0.375503, NRTRLoss: 0.857602, loss: 1.254450, avg_reader_cost: 0.00440 s, avg_batch_cost: 0.35910 s, avg_samples: 8.0, ips: 22.27788 samples/s, eta: 0:51:35, max_mem_reserved: 1791 MB, max_mem_allocated: 1686 MB
[2026/10/04 19:02:34] ppocr INFO: cur metric, acc: 0.9282437730533359, norm_edit_dis: 0.9647698807418494, fps: 88.19923530165451
[2026/10/04 19:02:37] ppocr INFO: save best model is to D:/HocTap/Projects/NCKH-Medicare/dataset/processed/vaipe-ocr-crops/paddleocr/fine-tune/model\best_accuracy
[2026/10/04 19:02:37] ppocr INFO: best metric, acc: 0.9282437730533359, is_float16: False, norm_edit_dis: 0.9647698807418494, fps: 88.19923530165451, best_epoch: 3
[2026/10/04 19:02:54] ppocr INFO: epoch: [3/5], global_step: 9050, lr: 0.000040, acc: 0.999999, norm_edit_dis: 1.000000, CTCLoss: 0.276199, NRTRLoss: 0.855053, loss: 1.130885, avg_reader_cost: 0.00405 s, avg_batch_cost: 0.35430 s, avg_samples: 8.0, ips: 22.57943 samples/s, eta: 0:51:19, max_mem_reserved: 1791 MB, max_mem_allocated: 1686 MB
[2026/10/04 19:03:12] ppocr INFO: epoch: [3/5], global_step: 9100, lr: 0.000040, acc: 0.874999, norm_edit_dis: 0.986965, CTCLoss: 0.899142, NRTRLoss: 0.859087, loss: 1.757872, avg_reader_cost: 0.00392 s, avg_batch_cost: 0.34726 s, avg_samples: 8.0, ips: 23.03743 samples/s, eta: 0:51:02, max_mem_reserved: 1791 MB, max_mem_allocated: 1686 MB
[2026/10/04 19:03:28] ppocr INFO: epoch: [3/5], global_step: 9150, lr: 0.000039, acc: 0.937499, norm_edit_dis: 0.996528, CTCLoss: 0.577046, NRTRLoss: 0.862542, loss: 1.436495, avg_reader_cost: 0.00398 s, avg_batch_cost: 0.33302 s, avg_samples: 8.0, ips: 24.02256 samples/s, eta: 0:50:45, max_mem_reserved: 1791 MB, max_mem_allocated: 1686 MB
[2026/10/04 19:03:45] ppocr INFO: epoch: [3/5], global_step: 9200, lr: 0.000039, acc: 0.874999, norm_edit_dis: 0.981054, CTCLoss: 0.796059, NRTRLoss: 0.858878, loss: 1.677430, avg_reader_cost: 0.00401 s, avg_batch_cost: 0.33042 s, avg_samples: 8.0, ips: 24.21179 samples/s, eta: 0:50:27, max_mem_reserved: 1791 MB, max_mem_allocated: 1686 MB
[2026/10/04 19:04:02] ppocr INFO: epoch: [3/5], global_step: 9250, lr: 0.000039, acc: 0.874999, norm_edit_dis: 0.979641, CTCLoss: 1.510780, NRTRLoss: 0.874242, loss: 2.439116, avg_reader_cost: 0.00391 s, avg_batch_cost: 0.32892 s, avg_samples: 8.0, ips: 24.32221 samples/s, eta: 0:50:09, max_mem_reserved: 1791 MB, max_mem_allocated: 1686 MB
[2026/10/04 19:04:18] ppocr INFO: epoch: [3/5], global_step: 9300, lr: 0.000039, acc: 0.999999, norm_edit_dis: 1.000000, CTCLoss: 0.818181, NRTRLoss: 0.869207, loss: 1.679516, avg_reader_cost: 0.00399 s, avg_batch_cost: 0.32697 s, avg_samples: 8.0, ips: 24.46713 samples/s, eta: 0:49:52, max_mem_reserved: 1791 MB, max_mem_allocated: 1686 MB
[2026/10/04 19:04:34] ppocr INFO: epoch: [3/5], global_step: 9350, lr: 0.000039, acc: 0.999999, norm_edit_dis: 1.000000, CTCLoss: 0.288881, NRTRLoss: 0.857530, loss: 1.148768, avg_reader_cost: 0.00407 s, avg_batch_cost: 0.32702 s, avg_samples: 8.0, ips: 24.46317 samples/s, eta: 0:49:34, max_mem_reserved: 1791 MB, max_mem_allocated: 1686 MB
[2026/10/04 19:04:51] ppocr INFO: epoch: [3/5], global_step: 9400, lr: 0.000038, acc: 0.999999, norm_edit_dis: 1.000000, CTCLoss: 0.405249, NRTRLoss: 0.859027, loss: 1.263620, avg_reader_cost: 0.00405 s, avg_batch_cost: 0.32869 s, avg_samples: 8.0, ips: 24.33926 samples/s, eta: 0:49:17, max_mem_reserved: 1791 MB, max_mem_allocated: 1686 MB
[2026/10/04 19:05:08] ppocr INFO: epoch: [3/5], global_step: 9450, lr: 0.000038, acc: 0.812499, norm_edit_dis: 0.952877, CTCLoss: 1.457736, NRTRLoss: 0.909473, loss: 2.367028, avg_reader_cost: 0.00416 s, avg_batch_cost: 0.35406 s, avg_samples: 8.0, ips: 22.59532 samples/s, eta: 0:49:00, max_mem_reserved: 1791 MB, max_mem_allocated: 1686 MB
[2026/10/04 19:05:26] ppocr INFO: epoch: [3/5], global_step: 9500, lr: 0.000038, acc: 0.874999, norm_edit_dis: 0.976957, CTCLoss: 0.639814, NRTRLoss: 0.862043, loss: 1.498191, avg_reader_cost: 0.00424 s, avg_batch_cost: 0.35811 s, avg_samples: 8.0, ips: 22.33946 samples/s, eta: 0:48:44, max_mem_reserved: 1791 MB, max_mem_allocated: 1686 MB
[2026/10/04 19:06:34] ppocr INFO: cur metric, acc: 0.92726081106281, norm_edit_dis: 0.9650093399538427, fps: 91.93875187391141
[2026/10/04 19:06:34] ppocr INFO: best metric, acc: 0.9282437730533359, is_float16: False, norm_edit_dis: 0.9647698807418494, fps: 88.19923530165451, best_epoch: 3
[2026/10/04 19:06:51] ppocr INFO: epoch: [3/5], global_step: 9550, lr: 0.000038, acc: 0.874999, norm_edit_dis: 0.982936, CTCLoss: 0.943965, NRTRLoss: 0.858888, loss: 1.800082, avg_reader_cost: 0.00399 s, avg_batch_cost: 0.33424 s, avg_samples: 8.0, ips: 23.93457 samples/s, eta: 0:48:27, max_mem_reserved: 1791 MB, max_mem_allocated: 1686 MB
[2026/10/04 19:07:07] ppocr INFO: epoch: [3/5], global_step: 9600, lr: 0.000038, acc: 0.937499, norm_edit_dis: 0.996094, CTCLoss: 0.351034, NRTRLoss: 0.856179, loss: 1.209664, avg_reader_cost: 0.00394 s, avg_batch_cost: 0.32644 s, avg_samples: 8.0, ips: 24.50702 samples/s, eta: 0:48:09, max_mem_reserved: 1791 MB, max_mem_allocated: 1686 MB
[2026/10/04 19:07:24] ppocr INFO: epoch: [3/5], global_step: 9650, lr: 0.000038, acc: 0.874999, norm_edit_dis: 0.992647, CTCLoss: 0.354178, NRTRLoss: 0.855930, loss: 1.209891, avg_reader_cost: 0.00410 s, avg_batch_cost: 0.33388 s, avg_samples: 8.0, ips: 23.96104 samples/s, eta: 0:47:52, max_mem_reserved: 1791 MB, max_mem_allocated: 1686 MB
[2026/10/04 19:07:44] ppocr INFO: epoch: [3/5], global_step: 9700, lr: 0.000037, acc: 0.874999, norm_edit_dis: 0.991667, CTCLoss: 0.597706, NRTRLoss: 0.857740, loss: 1.456703, avg_reader_cost: 0.00453 s, avg_batch_cost: 0.39203 s, avg_samples: 8.0, ips: 20.40640 samples/s, eta: 0:47:37, max_mem_reserved: 1791 MB, max_mem_allocated: 1686 MB
[2026/10/04 19:08:03] ppocr INFO: epoch: [3/5], global_step: 9750, lr: 0.000037, acc: 0.999999, norm_edit_dis: 1.000000, CTCLoss: 0.405127, NRTRLoss: 0.856164, loss: 1.267384, avg_reader_cost: 0.00446 s, avg_batch_cost: 0.39369 s, avg_samples: 8.0, ips: 20.32060 samples/s, eta: 0:47:22, max_mem_reserved: 1791 MB, max_mem_allocated: 1686 MB
[2026/10/04 19:08:23] ppocr INFO: epoch: [3/5], global_step: 9800, lr: 0.000037, acc: 0.999999, norm_edit_dis: 1.000000, CTCLoss: 0.309601, NRTRLoss: 0.857272, loss: 1.167010, avg_reader_cost: 0.00465 s, avg_batch_cost: 0.39125 s, avg_samples: 8.0, ips: 20.44754 samples/s, eta: 0:47:07, max_mem_reserved: 1791 MB, max_mem_allocated: 1686 MB
[2026/10/04 19:08:43] ppocr INFO: epoch: [3/5], global_step: 9850, lr: 0.000037, acc: 0.874999, norm_edit_dis: 0.993586, CTCLoss: 0.407352, NRTRLoss: 0.857160, loss: 1.286710, avg_reader_cost: 0.00463 s, avg_batch_cost: 0.39049 s, avg_samples: 8.0, ips: 20.48729 samples/s, eta: 0:46:52, max_mem_reserved: 1791 MB, max_mem_allocated: 1686 MB
[2026/10/04 19:09:02] ppocr INFO: epoch: [3/5], global_step: 9900, lr: 0.000037, acc: 0.999999, norm_edit_dis: 1.000000, CTCLoss: 0.384088, NRTRLoss: 0.855899, loss: 1.240140, avg_reader_cost: 0.00464 s, avg_batch_cost: 0.38415 s, avg_samples: 8.0, ips: 20.82530 samples/s, eta: 0:46:37, max_mem_reserved: 1791 MB, max_mem_allocated: 1686 MB
[2026/10/04 19:09:21] ppocr INFO: epoch: [3/5], global_step: 9950, lr: 0.000036, acc: 0.874999, norm_edit_dis: 0.969952, CTCLoss: 1.014735, NRTRLoss: 0.859203, loss: 1.882033, avg_reader_cost: 0.00465 s, avg_batch_cost: 0.39089 s, avg_samples: 8.0, ips: 20.46621 samples/s, eta: 0:46:22, max_mem_reserved: 1791 MB, max_mem_allocated: 1686 MB
[2026/10/04 19:09:41] ppocr INFO: epoch: [3/5], global_step: 10000, lr: 0.000036, acc: 0.937499, norm_edit_dis: 0.996324, CTCLoss: 0.309417, NRTRLoss: 0.855194, loss: 1.164349, avg_reader_cost: 0.00478 s, avg_batch_cost: 0.39420 s, avg_samples: 8.0, ips: 20.29434 samples/s, eta: 0:46:07, max_mem_reserved: 1791 MB, max_mem_allocated: 1686 MB
[2026/10/04 19:10:56] ppocr INFO: cur metric, acc: 0.9288990810470199, norm_edit_dis: 0.9648626825144613, fps: 83.10367388644713
[2026/10/04 19:10:58] ppocr INFO: save best model is to D:/HocTap/Projects/NCKH-Medicare/dataset/processed/vaipe-ocr-crops/paddleocr/fine-tune/model\best_accuracy
[2026/10/04 19:10:58] ppocr INFO: best metric, acc: 0.9288990810470199, is_float16: False, norm_edit_dis: 0.9648626825144613, fps: 83.10367388644713, best_epoch: 3
[2026/10/04 19:11:18] ppocr INFO: epoch: [3/5], global_step: 10050, lr: 0.000036, acc: 0.937499, norm_edit_dis: 0.994792, CTCLoss: 0.246980, NRTRLoss: 0.857165, loss: 1.104036, avg_reader_cost: 0.00430 s, avg_batch_cost: 0.39249 s, avg_samples: 8.0, ips: 20.38256 samples/s, eta: 0:45:52, max_mem_reserved: 1791 MB, max_mem_allocated: 1686 MB
[2026/10/04 19:11:40] ppocr INFO: epoch: [3/5], global_step: 10100, lr: 0.000036, acc: 0.874999, norm_edit_dis: 0.991629, CTCLoss: 0.579866, NRTRLoss: 0.858422, loss: 1.446392, avg_reader_cost: 0.00506 s, avg_batch_cost: 0.42771 s, avg_samples: 8.0, ips: 18.70425 samples/s, eta: 0:45:38, max_mem_reserved: 1791 MB, max_mem_allocated: 1686 MB
[2026/10/04 19:12:00] ppocr INFO: epoch: [3/5], global_step: 10150, lr: 0.000036, acc: 0.874999, norm_edit_dis: 0.992188, CTCLoss: 0.537931, NRTRLoss: 0.856639, loss: 1.404033, avg_reader_cost: 0.00499 s, avg_batch_cost: 0.41339 s, avg_samples: 8.0, ips: 19.35226 samples/s, eta: 0:45:24, max_mem_reserved: 1791 MB, max_mem_allocated: 1686 MB
[2026/10/04 19:12:21] ppocr INFO: epoch: [3/5], global_step: 10200, lr: 0.000035, acc: 0.937499, norm_edit_dis: 0.995833, CTCLoss: 0.399859, NRTRLoss: 0.855280, loss: 1.262965, avg_reader_cost: 0.00474 s, avg_batch_cost: 0.40792 s, avg_samples: 8.0, ips: 19.61175 samples/s, eta: 0:45:09, max_mem_reserved: 1791 MB, max_mem_allocated: 1686 MB
[2026/10/04 19:12:42] ppocr INFO: epoch: [3/5], global_step: 10250, lr: 0.000035, acc: 0.874999, norm_edit_dis: 0.989844, CTCLoss: 0.255437, NRTRLoss: 0.854698, loss: 1.112079, avg_reader_cost: 0.00423 s, avg_batch_cost: 0.42331 s, avg_samples: 8.0, ips: 18.89888 samples/s, eta: 0:44:55, max_mem_reserved: 1791 MB, max_mem_allocated: 1686 MB
[2026/10/04 19:13:02] ppocr INFO: epoch: [3/5], global_step: 10300, lr: 0.000035, acc: 0.874999, norm_edit_dis: 0.993586, CTCLoss: 0.357966, NRTRLoss: 0.855785, loss: 1.224047, avg_reader_cost: 0.00477 s, avg_batch_cost: 0.39914 s, avg_samples: 8.0, ips: 20.04309 samples/s, eta: 0:44:40, max_mem_reserved: 1791 MB, max_mem_allocated: 1686 MB
[2026/10/04 19:13:14] ppocr INFO: epoch: [3/5], global_step: 10350, lr: 0.000035, acc: 0.937499, norm_edit_dis: 0.996528, CTCLoss: 0.423180, NRTRLoss: 0.855134, loss: 1.300908, avg_reader_cost: 0.00280 s, avg_batch_cost: 0.23847 s, avg_samples: 8.0, ips: 33.54778 samples/s, eta: 0:44:19, max_mem_reserved: 1791 MB, max_mem_allocated: 1686 MB
[2026/10/04 19:13:26] ppocr INFO: epoch: [3/5], global_step: 10400, lr: 0.000035, acc: 0.999999, norm_edit_dis: 1.000000, CTCLoss: 0.375098, NRTRLoss: 0.858917, loss: 1.234651, avg_reader_cost: 0.00302 s, avg_batch_cost: 0.24064 s, avg_samples: 8.0, ips: 33.24404 samples/s, eta: 0:43:58, max_mem_reserved: 1791 MB, max_mem_allocated: 1686 MB
[2026/10/04 19:13:36] ppocr INFO: epoch: [3/5], global_step: 10450, lr: 0.000034, acc: 0.937499, norm_edit_dis: 0.996094, CTCLoss: 0.358566, NRTRLoss: 0.854878, loss: 1.211589, avg_reader_cost: 0.00227 s, avg_batch_cost: 0.20187 s, avg_samples: 8.0, ips: 39.63021 samples/s, eta: 0:43:35, max_mem_reserved: 1791 MB, max_mem_allocated: 1686 MB
[2026/10/04 19:13:46] ppocr INFO: epoch: [3/5], global_step: 10500, lr: 0.000034, acc: 0.874999, norm_edit_dis: 0.966667, CTCLoss: 0.991606, NRTRLoss: 0.855912, loss: 1.859552, avg_reader_cost: 0.00223 s, avg_batch_cost: 0.20433 s, avg_samples: 8.0, ips: 39.15320 samples/s, eta: 0:43:13, max_mem_reserved: 1791 MB, max_mem_allocated: 1686 MB
[2026/10/04 19:14:14] ppocr INFO: cur metric, acc: 0.9251310600833371, norm_edit_dis: 0.9630395825011874, fps: 224.94078149103572
[2026/10/04 19:14:14] ppocr INFO: best metric, acc: 0.9288990810470199, is_float16: False, norm_edit_dis: 0.9648626825144613, fps: 83.10367388644713, best_epoch: 3
[2026/10/04 19:14:24] ppocr INFO: epoch: [3/5], global_step: 10550, lr: 0.000034, acc: 0.999999, norm_edit_dis: 1.000000, CTCLoss: 0.350656, NRTRLoss: 0.855082, loss: 1.211343, avg_reader_cost: 0.00210 s, avg_batch_cost: 0.19883 s, avg_samples: 8.0, ips: 40.23632 samples/s, eta: 0:42:51, max_mem_reserved: 1791 MB, max_mem_allocated: 1686 MB
[2026/10/04 19:14:34] ppocr INFO: epoch: [3/5], global_step: 10600, lr: 0.000034, acc: 0.937499, norm_edit_dis: 0.995536, CTCLoss: 0.381348, NRTRLoss: 0.857156, loss: 1.264170, avg_reader_cost: 0.00210 s, avg_batch_cost: 0.20081 s, avg_samples: 8.0, ips: 39.83961 samples/s, eta: 0:42:29, max_mem_reserved: 1791 MB, max_mem_allocated: 1686 MB
[2026/10/04 19:14:44] ppocr INFO: epoch: [3/5], global_step: 10650, lr: 0.000034, acc: 0.874999, norm_edit_dis: 0.951786, CTCLoss: 1.285896, NRTRLoss: 0.876306, loss: 2.204685, avg_reader_cost: 0.00217 s, avg_batch_cost: 0.19808 s, avg_samples: 8.0, ips: 40.38857 samples/s, eta: 0:42:07, max_mem_reserved: 1791 MB, max_mem_allocated: 1686 MB
[2026/10/04 19:14:54] ppocr INFO: epoch: [3/5], global_step: 10700, lr: 0.000033, acc: 0.937499, norm_edit_dis: 0.996528, CTCLoss: 0.480764, NRTRLoss: 0.860260, loss: 1.338796, avg_reader_cost: 0.00214 s, avg_batch_cost: 0.19904 s, avg_samples: 8.0, ips: 40.19192 samples/s, eta: 0:41:45, max_mem_reserved: 1791 MB, max_mem_allocated: 1686 MB
[2026/10/04 19:15:04] ppocr INFO: epoch: [3/5], global_step: 10750, lr: 0.000033, acc: 0.999999, norm_edit_dis: 1.000000, CTCLoss: 0.265663, NRTRLoss: 0.855372, loss: 1.119941, avg_reader_cost: 0.00206 s, avg_batch_cost: 0.20145 s, avg_samples: 8.0, ips: 39.71240 samples/s, eta: 0:41:23, max_mem_reserved: 1791 MB, max_mem_allocated: 1686 MB
[2026/10/04 19:15:14] ppocr INFO: epoch: [3/5], global_step: 10800, lr: 0.000033, acc: 0.999999, norm_edit_dis: 1.000000, CTCLoss: 0.301270, NRTRLoss: 0.855252, loss: 1.155535, avg_reader_cost: 0.00216 s, avg_batch_cost: 0.20032 s, avg_samples: 8.0, ips: 39.93705 samples/s, eta: 0:41:02, max_mem_reserved: 1791 MB, max_mem_allocated: 1686 MB
[2026/10/04 19:15:24] ppocr INFO: epoch: [3/5], global_step: 10850, lr: 0.000033, acc: 0.937499, norm_edit_dis: 0.996324, CTCLoss: 0.307313, NRTRLoss: 0.858770, loss: 1.196012, avg_reader_cost: 0.00207 s, avg_batch_cost: 0.19535 s, avg_samples: 8.0, ips: 40.95245 samples/s, eta: 0:40:40, max_mem_reserved: 1791 MB, max_mem_allocated: 1686 MB
[2026/10/04 19:15:25] ppocr INFO: save model in D:/HocTap/Projects/NCKH-Medicare/dataset/processed/vaipe-ocr-crops/paddleocr/fine-tune/model\latest
[2026/10/04 19:15:25] ppocr INFO: save model in D:/HocTap/Projects/NCKH-Medicare/dataset/processed/vaipe-ocr-crops/paddleocr/fine-tune/model\iter_epoch_3
[2026/10/04 19:15:36] ppocr INFO: epoch: [4/5], global_step: 10900, lr: 0.000033, acc: 0.874999, norm_edit_dis: 0.941559, CTCLoss: 1.593288, NRTRLoss: 0.898369, loss: 2.511656, avg_reader_cost: 0.00303 s, avg_batch_cost: 0.21843 s, avg_samples: 8.0, ips: 36.62575 samples/s, eta: 0:40:19, max_mem_reserved: 1791 MB, max_mem_allocated: 1686 MB
[2026/10/04 19:15:46] ppocr INFO: epoch: [4/5], global_step: 10950, lr: 0.000032, acc: 0.937499, norm_edit_dis: 0.996528, CTCLoss: 0.305605, NRTRLoss: 0.856328, loss: 1.158827, avg_reader_cost: 0.00221 s, avg_batch_cost: 0.19838 s, avg_samples: 8.0, ips: 40.32727 samples/s, eta: 0:39:58, max_mem_reserved: 1791 MB, max_mem_allocated: 1686 MB
[2026/10/04 19:15:56] ppocr INFO: epoch: [4/5], global_step: 11000, lr: 0.000032, acc: 0.937499, norm_edit_dis: 0.996094, CTCLoss: 0.490837, NRTRLoss: 0.855521, loss: 1.356083, avg_reader_cost: 0.00219 s, avg_batch_cost: 0.20557 s, avg_samples: 8.0, ips: 38.91554 samples/s, eta: 0:39:37, max_mem_reserved: 1791 MB, max_mem_allocated: 1686 MB
[2026/10/04 19:16:24] ppocr INFO: cur metric, acc: 0.9364351229743855, norm_edit_dis: 0.9668812258805832, fps: 224.4709155159748
[2026/10/04 19:16:25] ppocr INFO: save best model is to D:/HocTap/Projects/NCKH-Medicare/dataset/processed/vaipe-ocr-crops/paddleocr/fine-tune/model\best_accuracy
[2026/10/04 19:16:25] ppocr INFO: best metric, acc: 0.9364351229743855, is_float16: False, norm_edit_dis: 0.9668812258805832, fps: 224.4709155159748, best_epoch: 4
[2026/10/04 19:16:36] ppocr INFO: epoch: [4/5], global_step: 11050, lr: 0.000032, acc: 0.937499, norm_edit_dis: 0.995833, CTCLoss: 0.576696, NRTRLoss: 0.863911, loss: 1.432029, avg_reader_cost: 0.00222 s, avg_batch_cost: 0.21356 s, avg_samples: 8.0, ips: 37.46038 samples/s, eta: 0:39:16, max_mem_reserved: 1791 MB, max_mem_allocated: 1686 MB
[2026/10/04 19:16:46] ppocr INFO: epoch: [4/5], global_step: 11100, lr: 0.000032, acc: 0.874999, norm_edit_dis: 0.992411, CTCLoss: 0.508685, NRTRLoss: 0.855512, loss: 1.362944, avg_reader_cost: 0.00233 s, avg_batch_cost: 0.21032 s, avg_samples: 8.0, ips: 38.03653 samples/s, eta: 0:38:55, max_mem_reserved: 1791 MB, max_mem_allocated: 1686 MB
[2026/10/04 19:16:57] ppocr INFO: epoch: [4/5], global_step: 11150, lr: 0.000032, acc: 0.999999, norm_edit_dis: 1.000000, CTCLoss: 0.342174, NRTRLoss: 0.853410, loss: 1.196931, avg_reader_cost: 0.00227 s, avg_batch_cost: 0.21086 s, avg_samples: 8.0, ips: 37.94039 samples/s, eta: 0:38:35, max_mem_reserved: 1791 MB, max_mem_allocated: 1686 MB
[2026/10/04 19:17:07] ppocr INFO: epoch: [4/5], global_step: 11200, lr: 0.000031, acc: 0.999999, norm_edit_dis: 1.000000, CTCLoss: 0.137190, NRTRLoss: 0.853143, loss: 0.997290, avg_reader_cost: 0.00215 s, avg_batch_cost: 0.20705 s, avg_samples: 8.0, ips: 38.63798 samples/s, eta: 0:38:14, max_mem_reserved: 1791 MB, max_mem_allocated: 1686 MB
[2026/10/04 19:17:18] ppocr INFO: epoch: [4/5], global_step: 11250, lr: 0.000031, acc: 0.999999, norm_edit_dis: 1.000000, CTCLoss: 0.371652, NRTRLoss: 0.855036, loss: 1.225500, avg_reader_cost: 0.00212 s, avg_batch_cost: 0.21070 s, avg_samples: 8.0, ips: 37.96800 samples/s, eta: 0:37:54, max_mem_reserved: 1791 MB, max_mem_allocated: 1686 MB
[2026/10/04 19:17:28] ppocr INFO: epoch: [4/5], global_step: 11300, lr: 0.000031, acc: 0.999999, norm_edit_dis: 1.000000, CTCLoss: 0.147943, NRTRLoss: 0.853758, loss: 1.000740, avg_reader_cost: 0.00231 s, avg_batch_cost: 0.21125 s, avg_samples: 8.0, ips: 37.87012 samples/s, eta: 0:37:34, max_mem_reserved: 1791 MB, max_mem_allocated: 1686 MB
[2026/10/04 19:17:39] ppocr INFO: epoch: [4/5], global_step: 11350, lr: 0.000031, acc: 0.999999, norm_edit_dis: 1.000000, CTCLoss: 0.265088, NRTRLoss: 0.865847, loss: 1.130741, avg_reader_cost: 0.00216 s, avg_batch_cost: 0.20871 s, avg_samples: 8.0, ips: 38.33001 samples/s, eta: 0:37:13, max_mem_reserved: 1791 MB, max_mem_allocated: 1686 MB
[2026/10/04 19:17:49] ppocr INFO: epoch: [4/5], global_step: 11400, lr: 0.000030, acc: 0.874999, norm_edit_dis: 0.919643, CTCLoss: 1.145995, NRTRLoss: 0.898812, loss: 2.073836, avg_reader_cost: 0.00225 s, avg_batch_cost: 0.20139 s, avg_samples: 8.0, ips: 39.72466 samples/s, eta: 0:36:53, max_mem_reserved: 1791 MB, max_mem_allocated: 1686 MB
[2026/10/04 19:17:59] ppocr INFO: epoch: [4/5], global_step: 11450, lr: 0.000030, acc: 0.999999, norm_edit_dis: 1.000000, CTCLoss: 0.247992, NRTRLoss: 0.855039, loss: 1.106340, avg_reader_cost: 0.00220 s, avg_batch_cost: 0.20900 s, avg_samples: 8.0, ips: 38.27679 samples/s, eta: 0:36:33, max_mem_reserved: 1791 MB, max_mem_allocated: 1686 MB
[2026/10/04 19:18:10] ppocr INFO: epoch: [4/5], global_step: 11500, lr: 0.000030, acc: 0.874999, norm_edit_dis: 0.979567, CTCLoss: 0.810670, NRTRLoss: 0.856956, loss: 1.667561, avg_reader_cost: 0.00211 s, avg_batch_cost: 0.20417 s, avg_samples: 8.0, ips: 39.18309 samples/s, eta: 0:36:13, max_mem_reserved: 1791 MB, max_mem_allocated: 1686 MB
[2026/10/04 19:18:37] ppocr INFO: cur metric, acc: 0.9387287009522793, norm_edit_dis: 0.9669471984541343, fps: 228.14626554690076
[2026/10/04 19:18:38] ppocr INFO: save best model is to D:/HocTap/Projects/NCKH-Medicare/dataset/processed/vaipe-ocr-crops/paddleocr/fine-tune/model\best_accuracy
[2026/10/04 19:18:38] ppocr INFO: best metric, acc: 0.9387287009522793, is_float16: False, norm_edit_dis: 0.9669471984541343, fps: 228.14626554690076, best_epoch: 4
[2026/10/04 19:18:49] ppocr INFO: epoch: [4/5], global_step: 11550, lr: 0.000030, acc: 0.999999, norm_edit_dis: 1.000000, CTCLoss: 0.255762, NRTRLoss: 0.854207, loss: 1.116685, avg_reader_cost: 0.00242 s, avg_batch_cost: 0.21339 s, avg_samples: 8.0, ips: 37.49016 samples/s, eta: 0:35:53, max_mem_reserved: 1791 MB, max_mem_allocated: 1686 MB
[2026/10/04 19:18:59] ppocr INFO: epoch: [4/5], global_step: 11600, lr: 0.000030, acc: 0.999999, norm_edit_dis: 1.000000, CTCLoss: 0.151240, NRTRLoss: 0.853718, loss: 1.004270, avg_reader_cost: 0.00220 s, avg_batch_cost: 0.20910 s, avg_samples: 8.0, ips: 38.25915 samples/s, eta: 0:35:33, max_mem_reserved: 1791 MB, max_mem_allocated: 1686 MB
[2026/10/04 19:19:10] ppocr INFO: epoch: [4/5], global_step: 11650, lr: 0.000029, acc: 0.874999, norm_edit_dis: 0.943452, CTCLoss: 1.090337, NRTRLoss: 0.903981, loss: 2.046135, avg_reader_cost: 0.00221 s, avg_batch_cost: 0.21578 s, avg_samples: 8.0, ips: 37.07473 samples/s, eta: 0:35:14, max_mem_reserved: 1791 MB, max_mem_allocated: 1686 MB
[2026/10/04 19:19:20] ppocr INFO: epoch: [4/5], global_step: 11700, lr: 0.000029, acc: 0.937499, norm_edit_dis: 0.996324, CTCLoss: 0.180168, NRTRLoss: 0.855045, loss: 1.033968, avg_reader_cost: 0.00242 s, avg_batch_cost: 0.20672 s, avg_samples: 8.0, ips: 38.69907 samples/s, eta: 0:34:54, max_mem_reserved: 1791 MB, max_mem_allocated: 1686 MB
[2026/10/04 19:19:30] ppocr INFO: epoch: [4/5], global_step: 11750, lr: 0.000029, acc: 0.874999, norm_edit_dis: 0.979167, CTCLoss: 1.395774, NRTRLoss: 0.894246, loss: 2.290020, avg_reader_cost: 0.00227 s, avg_batch_cost: 0.20391 s, avg_samples: 8.0, ips: 39.23320 samples/s, eta: 0:34:34, max_mem_reserved: 1791 MB, max_mem_allocated: 1686 MB
[2026/10/04 19:19:41] ppocr INFO: epoch: [4/5], global_step: 11800, lr: 0.000029, acc: 0.999999, norm_edit_dis: 1.000000, CTCLoss: 0.226508, NRTRLoss: 0.854922, loss: 1.083253, avg_reader_cost: 0.00217 s, avg_batch_cost: 0.20421 s, avg_samples: 8.0, ips: 39.17496 samples/s, eta: 0:34:14, max_mem_reserved: 1791 MB, max_mem_allocated: 1686 MB
[2026/10/04 19:19:51] ppocr INFO: epoch: [4/5], global_step: 11850, lr: 0.000029, acc: 0.874999, norm_edit_dis: 0.942857, CTCLoss: 1.243358, NRTRLoss: 0.897127, loss: 2.140485, avg_reader_cost: 0.00221 s, avg_batch_cost: 0.20753 s, avg_samples: 8.0, ips: 38.54865 samples/s, eta: 0:33:55, max_mem_reserved: 1791 MB, max_mem_allocated: 1686 MB
[2026/10/04 19:20:01] ppocr INFO: epoch: [4/5], global_step: 11900, lr: 0.000028, acc: 0.937499, norm_edit_dis: 0.995536, CTCLoss: 0.326773, NRTRLoss: 0.855303, loss: 1.186376, avg_reader_cost: 0.00234 s, avg_batch_cost: 0.20147 s, avg_samples: 8.0, ips: 39.70784 samples/s, eta: 0:33:35, max_mem_reserved: 1791 MB, max_mem_allocated: 1686 MB
[2026/10/04 19:20:12] ppocr INFO: epoch: [4/5], global_step: 11950, lr: 0.000028, acc: 0.999999, norm_edit_dis: 1.000000, CTCLoss: 0.308371, NRTRLoss: 0.853040, loss: 1.162084, avg_reader_cost: 0.00222 s, avg_batch_cost: 0.20763 s, avg_samples: 8.0, ips: 38.52923 samples/s, eta: 0:33:16, max_mem_reserved: 1791 MB, max_mem_allocated: 1686 MB
[2026/10/04 19:20:22] ppocr INFO: epoch: [4/5], global_step: 12000, lr: 0.000028, acc: 0.937499, norm_edit_dis: 0.996094, CTCLoss: 0.236414, NRTRLoss: 0.853913, loss: 1.091613, avg_reader_cost: 0.00230 s, avg_batch_cost: 0.20427 s, avg_samples: 8.0, ips: 39.16361 samples/s, eta: 0:32:57, max_mem_reserved: 1791 MB, max_mem_allocated: 1686 MB
[2026/10/04 19:20:49] ppocr INFO: cur metric, acc: 0.9156290941749196, norm_edit_dis: 0.9643778728458948, fps: 228.31838894919673
[2026/10/04 19:20:49] ppocr INFO: best metric, acc: 0.9387287009522793, is_float16: False, norm_edit_dis: 0.9669471984541343, fps: 228.14626554690076, best_epoch: 4
[2026/10/04 19:21:00] ppocr INFO: epoch: [4/5], global_step: 12050, lr: 0.000028, acc: 0.937499, norm_edit_dis: 0.993056, CTCLoss: 0.477834, NRTRLoss: 0.870014, loss: 1.339383, avg_reader_cost: 0.00218 s, avg_batch_cost: 0.21124 s, avg_samples: 8.0, ips: 37.87196 samples/s, eta: 0:32:38, max_mem_reserved: 1791 MB, max_mem_allocated: 1686 MB
[2026/10/04 19:21:10] ppocr INFO: epoch: [4/5], global_step: 12100, lr: 0.000027, acc: 0.999999, norm_edit_dis: 1.000000, CTCLoss: 0.272812, NRTRLoss: 0.854022, loss: 1.126912, avg_reader_cost: 0.00225 s, avg_batch_cost: 0.20700 s, avg_samples: 8.0, ips: 38.64690 samples/s, eta: 0:32:18, max_mem_reserved: 1791 MB, max_mem_allocated: 1686 MB
[2026/10/04 19:21:21] ppocr INFO: epoch: [4/5], global_step: 12150, lr: 0.000027, acc: 0.874999, norm_edit_dis: 0.990885, CTCLoss: 0.365972, NRTRLoss: 0.854957, loss: 1.220086, avg_reader_cost: 0.00235 s, avg_batch_cost: 0.21171 s, avg_samples: 8.0, ips: 37.78673 samples/s, eta: 0:32:00, max_mem_reserved: 1791 MB, max_mem_allocated: 1686 MB
[2026/10/04 19:21:32] ppocr INFO: epoch: [4/5], global_step: 12200, lr: 0.000027, acc: 0.999999, norm_edit_dis: 1.000000, CTCLoss: 0.216226, NRTRLoss: 0.854935, loss: 1.070285, avg_reader_cost: 0.00232 s, avg_batch_cost: 0.22253 s, avg_samples: 8.0, ips: 35.95029 samples/s, eta: 0:31:41, max_mem_reserved: 1791 MB, max_mem_allocated: 1686 MB
[2026/10/04 19:21:44] ppocr INFO: epoch: [4/5], global_step: 12250, lr: 0.000027, acc: 0.999999, norm_edit_dis: 1.000000, CTCLoss: 0.304236, NRTRLoss: 0.854564, loss: 1.156853, avg_reader_cost: 0.00273 s, avg_batch_cost: 0.24356 s, avg_samples: 8.0, ips: 32.84578 samples/s, eta: 0:31:23, max_mem_reserved: 1791 MB, max_mem_allocated: 1686 MB
[2026/10/04 19:21:59] ppocr INFO: epoch: [4/5], global_step: 12300, lr: 0.000027, acc: 0.999999, norm_edit_dis: 1.000000, CTCLoss: 0.156234, NRTRLoss: 0.852828, loss: 1.010303, avg_reader_cost: 0.00441 s, avg_batch_cost: 0.30636 s, avg_samples: 8.0, ips: 26.11343 samples/s, eta: 0:31:06, max_mem_reserved: 1791 MB, max_mem_allocated: 1686 MB
[2026/10/04 19:22:14] ppocr INFO: epoch: [4/5], global_step: 12350, lr: 0.000026, acc: 0.874999, norm_edit_dis: 0.992647, CTCLoss: 0.289520, NRTRLoss: 0.854688, loss: 1.146149, avg_reader_cost: 0.00333 s, avg_batch_cost: 0.28741 s, avg_samples: 8.0, ips: 27.83493 samples/s, eta: 0:30:49, max_mem_reserved: 1791 MB, max_mem_allocated: 1686 MB
[2026/10/04 19:22:27] ppocr INFO: epoch: [4/5], global_step: 12400, lr: 0.000026, acc: 0.999999, norm_edit_dis: 1.000000, CTCLoss: 0.112733, NRTRLoss: 0.852668, loss: 0.963753, avg_reader_cost: 0.00336 s, avg_batch_cost: 0.27050 s, avg_samples: 8.0, ips: 29.57532 samples/s, eta: 0:30:32, max_mem_reserved: 1791 MB, max_mem_allocated: 1686 MB
[2026/10/04 19:22:39] ppocr INFO: epoch: [4/5], global_step: 12450, lr: 0.000026, acc: 0.999999, norm_edit_dis: 1.000000, CTCLoss: 0.178514, NRTRLoss: 0.852941, loss: 1.030787, avg_reader_cost: 0.00270 s, avg_batch_cost: 0.22375 s, avg_samples: 8.0, ips: 35.75493 samples/s, eta: 0:30:14, max_mem_reserved: 1791 MB, max_mem_allocated: 1686 MB
[2026/10/04 19:22:50] ppocr INFO: epoch: [4/5], global_step: 12500, lr: 0.000026, acc: 0.874999, norm_edit_dis: 0.987723, CTCLoss: 0.683356, NRTRLoss: 0.853888, loss: 1.550611, avg_reader_cost: 0.00273 s, avg_batch_cost: 0.23078 s, avg_samples: 8.0, ips: 34.66537 samples/s, eta: 0:29:56, max_mem_reserved: 1791 MB, max_mem_allocated: 1686 MB
[2026/10/04 19:23:48] ppocr INFO: cur metric, acc: 0.9385648739538583, norm_edit_dis: 0.9682212053384412, fps: 107.80658474917519
[2026/10/04 19:23:48] ppocr INFO: best metric, acc: 0.9387287009522793, is_float16: False, norm_edit_dis: 0.9669471984541343, fps: 228.14626554690076, best_epoch: 4
[2026/10/04 19:24:06] ppocr INFO: epoch: [4/5], global_step: 12550, lr: 0.000026, acc: 0.999999, norm_edit_dis: 1.000000, CTCLoss: 0.169621, NRTRLoss: 0.853433, loss: 1.022163, avg_reader_cost: 0.00413 s, avg_batch_cost: 0.36023 s, avg_samples: 8.0, ips: 22.20831 samples/s, eta: 0:29:40, max_mem_reserved: 1791 MB, max_mem_allocated: 1686 MB
[2026/10/04 19:24:26] ppocr INFO: epoch: [4/5], global_step: 12600, lr: 0.000025, acc: 0.874999, norm_edit_dis: 0.958333, CTCLoss: 0.956706, NRTRLoss: 0.858995, loss: 1.853515, avg_reader_cost: 0.00416 s, avg_batch_cost: 0.39099 s, avg_samples: 8.0, ips: 20.46079 samples/s, eta: 0:29:26, max_mem_reserved: 1791 MB, max_mem_allocated: 1686 MB
[2026/10/04 19:24:46] ppocr INFO: epoch: [4/5], global_step: 12650, lr: 0.000025, acc: 0.999999, norm_edit_dis: 1.000000, CTCLoss: 0.165996, NRTRLoss: 0.852861, loss: 1.018629, avg_reader_cost: 0.00437 s, avg_batch_cost: 0.39947 s, avg_samples: 8.0, ips: 20.02631 samples/s, eta: 0:29:11, max_mem_reserved: 1791 MB, max_mem_allocated: 1686 MB
[2026/10/04 19:25:05] ppocr INFO: epoch: [4/5], global_step: 12700, lr: 0.000025, acc: 0.874999, norm_edit_dis: 0.971814, CTCLoss: 0.614737, NRTRLoss: 0.871643, loss: 1.469252, avg_reader_cost: 0.00449 s, avg_batch_cost: 0.39373 s, avg_samples: 8.0, ips: 20.31827 samples/s, eta: 0:28:57, max_mem_reserved: 1791 MB, max_mem_allocated: 1686 MB
[2026/10/04 19:25:28] ppocr INFO: epoch: [4/5], global_step: 12750, lr: 0.000025, acc: 0.999999, norm_edit_dis: 1.000000, CTCLoss: 0.198479, NRTRLoss: 0.852160, loss: 1.049852, avg_reader_cost: 0.00508 s, avg_batch_cost: 0.44296 s, avg_samples: 8.0, ips: 18.06036 samples/s, eta: 0:28:43, max_mem_reserved: 1791 MB, max_mem_allocated: 1686 MB
[2026/10/04 19:25:48] ppocr INFO: epoch: [4/5], global_step: 12800, lr: 0.000024, acc: 0.999999, norm_edit_dis: 1.000000, CTCLoss: 0.159534, NRTRLoss: 0.853043, loss: 1.013844, avg_reader_cost: 0.00467 s, avg_batch_cost: 0.39905 s, avg_samples: 8.0, ips: 20.04785 samples/s, eta: 0:28:29, max_mem_reserved: 1791 MB, max_mem_allocated: 1686 MB
[2026/10/04 19:26:06] ppocr INFO: epoch: [4/5], global_step: 12850, lr: 0.000024, acc: 0.874999, norm_edit_dis: 0.986607, CTCLoss: 1.212123, NRTRLoss: 0.872398, loss: 2.069342, avg_reader_cost: 0.00443 s, avg_batch_cost: 0.37268 s, avg_samples: 8.0, ips: 21.46611 samples/s, eta: 0:28:14, max_mem_reserved: 1791 MB, max_mem_allocated: 1686 MB
[2026/10/04 19:26:27] ppocr INFO: epoch: [4/5], global_step: 12900, lr: 0.000024, acc: 0.937499, norm_edit_dis: 0.996094, CTCLoss: 0.261317, NRTRLoss: 0.855113, loss: 1.114002, avg_reader_cost: 0.00432 s, avg_batch_cost: 0.40726 s, avg_samples: 8.0, ips: 19.64369 samples/s, eta: 0:27:59, max_mem_reserved: 1791 MB, max_mem_allocated: 1686 MB
[2026/10/04 19:26:45] ppocr INFO: epoch: [4/5], global_step: 12950, lr: 0.000024, acc: 0.874999, norm_edit_dis: 0.991629, CTCLoss: 0.361841, NRTRLoss: 0.853482, loss: 1.223047, avg_reader_cost: 0.00415 s, avg_batch_cost: 0.36786 s, avg_samples: 8.0, ips: 21.74730 samples/s, eta: 0:27:44, max_mem_reserved: 1791 MB, max_mem_allocated: 1686 MB
[2026/10/04 19:27:04] ppocr INFO: epoch: [4/5], global_step: 13000, lr: 0.000024, acc: 0.999999, norm_edit_dis: 1.000000, CTCLoss: 0.232067, NRTRLoss: 0.853749, loss: 1.085208, avg_reader_cost: 0.00451 s, avg_batch_cost: 0.38192 s, avg_samples: 8.0, ips: 20.94659 samples/s, eta: 0:27:29, max_mem_reserved: 1791 MB, max_mem_allocated: 1686 MB
[2026/10/04 19:28:22] ppocr INFO: cur metric, acc: 0.9434796839064881, norm_edit_dis: 0.9694121305047012, fps: 80.69644309417228
[2026/10/04 19:28:25] ppocr INFO: save best model is to D:/HocTap/Projects/NCKH-Medicare/dataset/processed/vaipe-ocr-crops/paddleocr/fine-tune/model\best_accuracy
[2026/10/04 19:28:25] ppocr INFO: best metric, acc: 0.9434796839064881, is_float16: False, norm_edit_dis: 0.9694121305047012, fps: 80.69644309417228, best_epoch: 4
[2026/10/04 19:28:44] ppocr INFO: epoch: [4/5], global_step: 13050, lr: 0.000023, acc: 0.999999, norm_edit_dis: 1.000000, CTCLoss: 0.135065, NRTRLoss: 0.851904, loss: 0.986228, avg_reader_cost: 0.00480 s, avg_batch_cost: 0.39540 s, avg_samples: 8.0, ips: 20.23265 samples/s, eta: 0:27:14, max_mem_reserved: 1791 MB, max_mem_allocated: 1686 MB
[2026/10/04 19:29:04] ppocr INFO: epoch: [4/5], global_step: 13100, lr: 0.000023, acc: 0.999999, norm_edit_dis: 1.000000, CTCLoss: 0.170411, NRTRLoss: 0.852493, loss: 1.023981, avg_reader_cost: 0.00459 s, avg_batch_cost: 0.39661 s, avg_samples: 8.0, ips: 20.17083 samples/s, eta: 0:26:59, max_mem_reserved: 1791 MB, max_mem_allocated: 1686 MB
[2026/10/04 19:29:25] ppocr INFO: epoch: [4/5], global_step: 13150, lr: 0.000023, acc: 0.999999, norm_edit_dis: 1.000000, CTCLoss: 0.237852, NRTRLoss: 0.852724, loss: 1.090576, avg_reader_cost: 0.00463 s, avg_batch_cost: 0.40581 s, avg_samples: 8.0, ips: 19.71367 samples/s, eta: 0:26:44, max_mem_reserved: 1791 MB, max_mem_allocated: 1686 MB
[2026/10/04 19:29:45] ppocr INFO: epoch: [4/5], global_step: 13200, lr: 0.000023, acc: 0.999999, norm_edit_dis: 1.000000, CTCLoss: 0.177342, NRTRLoss: 0.852447, loss: 1.028723, avg_reader_cost: 0.00463 s, avg_batch_cost: 0.40237 s, avg_samples: 8.0, ips: 19.88212 samples/s, eta: 0:26:29, max_mem_reserved: 1791 MB, max_mem_allocated: 1686 MB
[2026/10/04 19:30:05] ppocr INFO: epoch: [4/5], global_step: 13250, lr: 0.000023, acc: 0.999999, norm_edit_dis: 1.000000, CTCLoss: 0.143566, NRTRLoss: 0.851754, loss: 0.994947, avg_reader_cost: 0.00470 s, avg_batch_cost: 0.40558 s, avg_samples: 8.0, ips: 19.72490 samples/s, eta: 0:26:15, max_mem_reserved: 1791 MB, max_mem_allocated: 1686 MB
[2026/10/04 19:30:24] ppocr INFO: epoch: [4/5], global_step: 13300, lr: 0.000022, acc: 0.999999, norm_edit_dis: 1.000000, CTCLoss: 0.216180, NRTRLoss: 0.853452, loss: 1.069874, avg_reader_cost: 0.00441 s, avg_batch_cost: 0.37947 s, avg_samples: 8.0, ips: 21.08210 samples/s, eta: 0:25:59, max_mem_reserved: 1791 MB, max_mem_allocated: 1686 MB
[2026/10/04 19:30:44] ppocr INFO: epoch: [4/5], global_step: 13350, lr: 0.000022, acc: 0.999999, norm_edit_dis: 1.000000, CTCLoss: 0.402208, NRTRLoss: 0.852759, loss: 1.256302, avg_reader_cost: 0.00460 s, avg_batch_cost: 0.39932 s, avg_samples: 8.0, ips: 20.03410 samples/s, eta: 0:25:44, max_mem_reserved: 1791 MB, max_mem_allocated: 1686 MB
[2026/10/04 19:31:04] ppocr INFO: epoch: [4/5], global_step: 13400, lr: 0.000022, acc: 0.999999, norm_edit_dis: 1.000000, CTCLoss: 0.223032, NRTRLoss: 0.853268, loss: 1.078081, avg_reader_cost: 0.00497 s, avg_batch_cost: 0.40556 s, avg_samples: 8.0, ips: 19.72562 samples/s, eta: 0:25:29, max_mem_reserved: 1791 MB, max_mem_allocated: 1686 MB
[2026/10/04 19:31:25] ppocr INFO: epoch: [4/5], global_step: 13450, lr: 0.000022, acc: 0.937499, norm_edit_dis: 0.996711, CTCLoss: 0.269640, NRTRLoss: 0.853662, loss: 1.127984, avg_reader_cost: 0.00473 s, avg_batch_cost: 0.40445 s, avg_samples: 8.0, ips: 19.78010 samples/s, eta: 0:25:14, max_mem_reserved: 1791 MB, max_mem_allocated: 1686 MB
[2026/10/04 19:31:45] ppocr INFO: epoch: [4/5], global_step: 13500, lr: 0.000021, acc: 0.999999, norm_edit_dis: 1.000000, CTCLoss: 0.097952, NRTRLoss: 0.851462, loss: 0.949930, avg_reader_cost: 0.00454 s, avg_batch_cost: 0.40947 s, avg_samples: 8.0, ips: 19.53748 samples/s, eta: 0:24:59, max_mem_reserved: 1791 MB, max_mem_allocated: 1686 MB
[2026/10/04 19:33:03] ppocr INFO: cur metric, acc: 0.9423328949175411, norm_edit_dis: 0.9686151055368155, fps: 80.54329748854813
[2026/10/04 19:33:03] ppocr INFO: best metric, acc: 0.9434796839064881, is_float16: False, norm_edit_dis: 0.9694121305047012, fps: 80.69644309417228, best_epoch: 4
[2026/10/04 19:33:22] ppocr INFO: epoch: [4/5], global_step: 13550, lr: 0.000021, acc: 0.999999, norm_edit_dis: 1.000000, CTCLoss: 0.082729, NRTRLoss: 0.851980, loss: 0.934866, avg_reader_cost: 0.00480 s, avg_batch_cost: 0.39257 s, avg_samples: 8.0, ips: 20.37866 samples/s, eta: 0:24:44, max_mem_reserved: 1791 MB, max_mem_allocated: 1686 MB
[2026/10/04 19:33:42] ppocr INFO: epoch: [4/5], global_step: 13600, lr: 0.000021, acc: 0.999999, norm_edit_dis: 1.000000, CTCLoss: 0.155552, NRTRLoss: 0.851634, loss: 1.007263, avg_reader_cost: 0.00456 s, avg_batch_cost: 0.38978 s, avg_samples: 8.0, ips: 20.52456 samples/s, eta: 0:24:29, max_mem_reserved: 1791 MB, max_mem_allocated: 1686 MB
[2026/10/04 19:34:02] ppocr INFO: epoch: [4/5], global_step: 13650, lr: 0.000021, acc: 0.999999, norm_edit_dis: 1.000000, CTCLoss: 0.275156, NRTRLoss: 0.852022, loss: 1.126690, avg_reader_cost: 0.00470 s, avg_batch_cost: 0.39815 s, avg_samples: 8.0, ips: 20.09298 samples/s, eta: 0:24:14, max_mem_reserved: 1791 MB, max_mem_allocated: 1686 MB
[2026/10/04 19:34:22] ppocr INFO: epoch: [4/5], global_step: 13700, lr: 0.000021, acc: 0.999999, norm_edit_dis: 1.000000, CTCLoss: 0.168541, NRTRLoss: 0.851724, loss: 1.018554, avg_reader_cost: 0.00483 s, avg_batch_cost: 0.41010 s, avg_samples: 8.0, ips: 19.50728 samples/s, eta: 0:23:59, max_mem_reserved: 1791 MB, max_mem_allocated: 1686 MB
[2026/10/04 19:34:43] ppocr INFO: epoch: [4/5], global_step: 13750, lr: 0.000020, acc: 0.999999, norm_edit_dis: 1.000000, CTCLoss: 0.248282, NRTRLoss: 0.852154, loss: 1.101864, avg_reader_cost: 0.00469 s, avg_batch_cost: 0.41208 s, avg_samples: 8.0, ips: 19.41378 samples/s, eta: 0:23:44, max_mem_reserved: 1791 MB, max_mem_allocated: 1686 MB
[2026/10/04 19:35:03] ppocr INFO: epoch: [4/5], global_step: 13800, lr: 0.000020, acc: 0.999999, norm_edit_dis: 1.000000, CTCLoss: 0.266642, NRTRLoss: 0.852345, loss: 1.126689, avg_reader_cost: 0.00461 s, avg_batch_cost: 0.40655 s, avg_samples: 8.0, ips: 19.67785 samples/s, eta: 0:23:28, max_mem_reserved: 1791 MB, max_mem_allocated: 1686 MB
[2026/10/04 19:35:24] ppocr INFO: epoch: [4/5], global_step: 13850, lr: 0.000020, acc: 0.874999, norm_edit_dis: 0.962268, CTCLoss: 1.729341, NRTRLoss: 0.882111, loss: 2.693322, avg_reader_cost: 0.00460 s, avg_batch_cost: 0.41096 s, avg_samples: 8.0, ips: 19.46644 samples/s, eta: 0:23:13, max_mem_reserved: 1791 MB, max_mem_allocated: 1686 MB
[2026/10/04 19:35:44] ppocr INFO: epoch: [4/5], global_step: 13900, lr: 0.000020, acc: 0.874999, norm_edit_dis: 0.992188, CTCLoss: 0.400219, NRTRLoss: 0.858851, loss: 1.251944, avg_reader_cost: 0.00466 s, avg_batch_cost: 0.40550 s, avg_samples: 8.0, ips: 19.72849 samples/s, eta: 0:22:58, max_mem_reserved: 1791 MB, max_mem_allocated: 1686 MB
[2026/10/04 19:36:05] ppocr INFO: epoch: [4/5], global_step: 13950, lr: 0.000020, acc: 0.999999, norm_edit_dis: 1.000000, CTCLoss: 0.170659, NRTRLoss: 0.853433, loss: 1.023552, avg_reader_cost: 0.00478 s, avg_batch_cost: 0.41071 s, avg_samples: 8.0, ips: 19.47842 samples/s, eta: 0:22:43, max_mem_reserved: 1791 MB, max_mem_allocated: 1686 MB
[2026/10/04 19:36:26] ppocr INFO: epoch: [4/5], global_step: 14000, lr: 0.000019, acc: 0.937499, norm_edit_dis: 0.995536, CTCLoss: 0.209647, NRTRLoss: 0.853017, loss: 1.061715, avg_reader_cost: 0.00506 s, avg_batch_cost: 0.41798 s, avg_samples: 8.0, ips: 19.13959 samples/s, eta: 0:22:27, max_mem_reserved: 1791 MB, max_mem_allocated: 1686 MB
[2026/10/04 19:37:42] ppocr INFO: cur metric, acc: 0.9434796839064881, norm_edit_dis: 0.9686837410858095, fps: 82.17750150210799
[2026/10/04 19:37:44] ppocr INFO: save best model is to D:/HocTap/Projects/NCKH-Medicare/dataset/processed/vaipe-ocr-crops/paddleocr/fine-tune/model\best_accuracy
[2026/10/04 19:37:44] ppocr INFO: best metric, acc: 0.9434796839064881, is_float16: False, norm_edit_dis: 0.9686837410858095, fps: 82.17750150210799, best_epoch: 4
[2026/10/04 19:38:04] ppocr INFO: epoch: [4/5], global_step: 14050, lr: 0.000019, acc: 0.999999, norm_edit_dis: 1.000000, CTCLoss: 0.276252, NRTRLoss: 0.852823, loss: 1.130766, avg_reader_cost: 0.00465 s, avg_batch_cost: 0.39552 s, avg_samples: 8.0, ips: 20.22660 samples/s, eta: 0:22:12, max_mem_reserved: 1791 MB, max_mem_allocated: 1686 MB
[2026/10/04 19:38:24] ppocr INFO: epoch: [4/5], global_step: 14100, lr: 0.000019, acc: 0.874999, norm_edit_dis: 0.992647, CTCLoss: 0.185167, NRTRLoss: 0.854636, loss: 1.036074, avg_reader_cost: 0.00465 s, avg_batch_cost: 0.39946 s, avg_samples: 8.0, ips: 20.02715 samples/s, eta: 0:21:56, max_mem_reserved: 1791 MB, max_mem_allocated: 1686 MB
[2026/10/04 19:38:45] ppocr INFO: epoch: [4/5], global_step: 14150, lr: 0.000019, acc: 0.999999, norm_edit_dis: 1.000000, CTCLoss: 0.173640, NRTRLoss: 0.853538, loss: 1.024731, avg_reader_cost: 0.00469 s, avg_batch_cost: 0.40580 s, avg_samples: 8.0, ips: 19.71434 samples/s, eta: 0:21:41, max_mem_reserved: 1791 MB, max_mem_allocated: 1686 MB
[2026/10/04 19:39:05] ppocr INFO: epoch: [4/5], global_step: 14200, lr: 0.000018, acc: 0.999999, norm_edit_dis: 1.000000, CTCLoss: 0.161004, NRTRLoss: 0.852097, loss: 1.014143, avg_reader_cost: 0.00452 s, avg_batch_cost: 0.40334 s, avg_samples: 8.0, ips: 19.83422 samples/s, eta: 0:21:25, max_mem_reserved: 1791 MB, max_mem_allocated: 1686 MB
[2026/10/04 19:39:25] ppocr INFO: epoch: [4/5], global_step: 14250, lr: 0.000018, acc: 0.937499, norm_edit_dis: 0.996094, CTCLoss: 0.659760, NRTRLoss: 0.853366, loss: 1.512545, avg_reader_cost: 0.00437 s, avg_batch_cost: 0.40517 s, avg_samples: 8.0, ips: 19.74497 samples/s, eta: 0:21:10, max_mem_reserved: 1791 MB, max_mem_allocated: 1686 MB
[2026/10/04 19:39:45] ppocr INFO: epoch: [4/5], global_step: 14300, lr: 0.000018, acc: 0.999999, norm_edit_dis: 1.000000, CTCLoss: 0.077931, NRTRLoss: 0.850814, loss: 0.929483, avg_reader_cost: 0.00459 s, avg_batch_cost: 0.40703 s, avg_samples: 8.0, ips: 19.65475 samples/s, eta: 0:20:54, max_mem_reserved: 1791 MB, max_mem_allocated: 1686 MB
[2026/10/04 19:40:06] ppocr INFO: epoch: [4/5], global_step: 14350, lr: 0.000018, acc: 0.999999, norm_edit_dis: 1.000000, CTCLoss: 0.210598, NRTRLoss: 0.853079, loss: 1.064855, avg_reader_cost: 0.00468 s, avg_batch_cost: 0.40364 s, avg_samples: 8.0, ips: 19.81984 samples/s, eta: 0:20:39, max_mem_reserved: 1791 MB, max_mem_allocated: 1686 MB
[2026/10/04 19:40:27] ppocr INFO: epoch: [4/5], global_step: 14400, lr: 0.000018, acc: 0.999999, norm_edit_dis: 1.000000, CTCLoss: 0.199925, NRTRLoss: 0.852376, loss: 1.056780, avg_reader_cost: 0.00479 s, avg_batch_cost: 0.41941 s, avg_samples: 8.0, ips: 19.07423 samples/s, eta: 0:20:23, max_mem_reserved: 1791 MB, max_mem_allocated: 1686 MB
[2026/10/04 19:40:47] ppocr INFO: epoch: [4/5], global_step: 14450, lr: 0.000017, acc: 0.874999, norm_edit_dis: 0.979911, CTCLoss: 0.706714, NRTRLoss: 0.858546, loss: 1.560826, avg_reader_cost: 0.00473 s, avg_batch_cost: 0.41302 s, avg_samples: 8.0, ips: 19.36933 samples/s, eta: 0:20:08, max_mem_reserved: 1791 MB, max_mem_allocated: 1686 MB
[2026/10/04 19:40:56] ppocr INFO: save model in D:/HocTap/Projects/NCKH-Medicare/dataset/processed/vaipe-ocr-crops/paddleocr/fine-tune/model\latest
[2026/10/04 19:40:57] ppocr INFO: save model in D:/HocTap/Projects/NCKH-Medicare/dataset/processed/vaipe-ocr-crops/paddleocr/fine-tune/model\iter_epoch_4
[2026/10/04 19:41:10] ppocr INFO: epoch: [5/5], global_step: 14500, lr: 0.000017, acc: 0.999999, norm_edit_dis: 1.000000, CTCLoss: 0.182238, NRTRLoss: 0.851947, loss: 1.035121, avg_reader_cost: 0.00617 s, avg_batch_cost: 0.42003 s, avg_samples: 8.0, ips: 19.04622 samples/s, eta: 0:19:52, max_mem_reserved: 1791 MB, max_mem_allocated: 1686 MB
[2026/10/04 19:42:26] ppocr INFO: cur metric, acc: 0.9418414139222782, norm_edit_dis: 0.9698151200485784, fps: 82.517872568492
[2026/10/04 19:42:26] ppocr INFO: best metric, acc: 0.9434796839064881, is_float16: False, norm_edit_dis: 0.9686837410858095, fps: 82.17750150210799, best_epoch: 4
[2026/10/04 19:42:46] ppocr INFO: epoch: [5/5], global_step: 14550, lr: 0.000017, acc: 0.999999, norm_edit_dis: 1.000000, CTCLoss: 0.179097, NRTRLoss: 0.852002, loss: 1.030070, avg_reader_cost: 0.00466 s, avg_batch_cost: 0.39855 s, avg_samples: 8.0, ips: 20.07287 samples/s, eta: 0:19:36, max_mem_reserved: 1791 MB, max_mem_allocated: 1686 MB
[2026/10/04 19:43:06] ppocr INFO: epoch: [5/5], global_step: 14600, lr: 0.000017, acc: 0.937499, norm_edit_dis: 0.994318, CTCLoss: 0.254710, NRTRLoss: 0.858436, loss: 1.106378, avg_reader_cost: 0.00473 s, avg_batch_cost: 0.40382 s, avg_samples: 8.0, ips: 19.81089 samples/s, eta: 0:19:20, max_mem_reserved: 1791 MB, max_mem_allocated: 1686 MB
[2026/10/04 19:43:27] ppocr INFO: epoch: [5/5], global_step: 14650, lr: 0.000017, acc: 0.937499, norm_edit_dis: 0.996094, CTCLoss: 0.293947, NRTRLoss: 0.853800, loss: 1.149700, avg_reader_cost: 0.00468 s, avg_batch_cost: 0.40674 s, avg_samples: 8.0, ips: 19.66838 samples/s, eta: 0:19:04, max_mem_reserved: 1791 MB, max_mem_allocated: 1686 MB
[2026/10/04 19:43:47] ppocr INFO: epoch: [5/5], global_step: 14700, lr: 0.000016, acc: 0.999999, norm_edit_dis: 1.000000, CTCLoss: 0.149244, NRTRLoss: 0.851187, loss: 1.004785, avg_reader_cost: 0.00478 s, avg_batch_cost: 0.40484 s, avg_samples: 8.0, ips: 19.76108 samples/s, eta: 0:18:49, max_mem_reserved: 1791 MB, max_mem_allocated: 1686 MB
[2026/10/04 19:44:07] ppocr INFO: epoch: [5/5], global_step: 14750, lr: 0.000016, acc: 0.999999, norm_edit_dis: 1.000000, CTCLoss: 0.098408, NRTRLoss: 0.850613, loss: 0.949639, avg_reader_cost: 0.00459 s, avg_batch_cost: 0.40813 s, avg_samples: 8.0, ips: 19.60150 samples/s, eta: 0:18:33, max_mem_reserved: 1791 MB, max_mem_allocated: 1686 MB
[2026/10/04 19:44:28] ppocr INFO: epoch: [5/5], global_step: 14800, lr: 0.000016, acc: 0.999999, norm_edit_dis: 1.000000, CTCLoss: 0.150545, NRTRLoss: 0.851477, loss: 1.002082, avg_reader_cost: 0.00450 s, avg_batch_cost: 0.40388 s, avg_samples: 8.0, ips: 19.80779 samples/s, eta: 0:18:17, max_mem_reserved: 1791 MB, max_mem_allocated: 1686 MB
[2026/10/04 19:44:49] ppocr INFO: epoch: [5/5], global_step: 14850, lr: 0.000016, acc: 0.999999, norm_edit_dis: 1.000000, CTCLoss: 0.183879, NRTRLoss: 0.851700, loss: 1.035381, avg_reader_cost: 0.00478 s, avg_batch_cost: 0.42016 s, avg_samples: 8.0, ips: 19.04041 samples/s, eta: 0:18:01, max_mem_reserved: 1791 MB, max_mem_allocated: 1686 MB
[2026/10/04 19:45:10] ppocr INFO: epoch: [5/5], global_step: 14900, lr: 0.000016, acc: 0.874999, norm_edit_dis: 0.993421, CTCLoss: 0.397190, NRTRLoss: 0.852127, loss: 1.248964, avg_reader_cost: 0.00466 s, avg_batch_cost: 0.42179 s, avg_samples: 8.0, ips: 18.96669 samples/s, eta: 0:17:45, max_mem_reserved: 1791 MB, max_mem_allocated: 1686 MB
[2026/10/04 19:45:31] ppocr INFO: epoch: [5/5], global_step: 14950, lr: 0.000015, acc: 0.999999, norm_edit_dis: 1.000000, CTCLoss: 0.213196, NRTRLoss: 0.851860, loss: 1.063894, avg_reader_cost: 0.00477 s, avg_batch_cost: 0.41341 s, avg_samples: 8.0, ips: 19.35114 samples/s, eta: 0:17:29, max_mem_reserved: 1791 MB, max_mem_allocated: 1686 MB
[2026/10/04 19:45:51] ppocr INFO: epoch: [5/5], global_step: 15000, lr: 0.000015, acc: 0.999999, norm_edit_dis: 1.000000, CTCLoss: 0.196588, NRTRLoss: 0.852346, loss: 1.048642, avg_reader_cost: 0.00482 s, avg_batch_cost: 0.41540 s, avg_samples: 8.0, ips: 19.25832 samples/s, eta: 0:17:13, max_mem_reserved: 1791 MB, max_mem_allocated: 1686 MB
[2026/10/04 19:47:08] ppocr INFO: cur metric, acc: 0.945281780889119, norm_edit_dis: 0.969724431516851, fps: 82.49939837737656
[2026/10/04 19:47:10] ppocr INFO: save best model is to D:/HocTap/Projects/NCKH-Medicare/dataset/processed/vaipe-ocr-crops/paddleocr/fine-tune/model\best_accuracy
[2026/10/04 19:47:10] ppocr INFO: best metric, acc: 0.945281780889119, is_float16: False, norm_edit_dis: 0.969724431516851, fps: 82.49939837737656, best_epoch: 5
[2026/10/04 19:47:27] ppocr INFO: epoch: [5/5], global_step: 15050, lr: 0.000015, acc: 0.999999, norm_edit_dis: 1.000000, CTCLoss: 0.097429, NRTRLoss: 0.851845, loss: 0.950137, avg_reader_cost: 0.00403 s, avg_batch_cost: 0.33494 s, avg_samples: 8.0, ips: 23.88467 samples/s, eta: 0:16:57, max_mem_reserved: 1791 MB, max_mem_allocated: 1686 MB
[2026/10/04 19:47:48] ppocr INFO: epoch: [5/5], global_step: 15100, lr: 0.000015, acc: 0.999999, norm_edit_dis: 1.000000, CTCLoss: 0.088203, NRTRLoss: 0.851541, loss: 0.939181, avg_reader_cost: 0.00458 s, avg_batch_cost: 0.40716 s, avg_samples: 8.0, ips: 19.64847 samples/s, eta: 0:16:41, max_mem_reserved: 1791 MB, max_mem_allocated: 1686 MB
[2026/10/04 19:48:08] ppocr INFO: epoch: [5/5], global_step: 15150, lr: 0.000015, acc: 0.999999, norm_edit_dis: 1.000000, CTCLoss: 0.072114, NRTRLoss: 0.850621, loss: 0.923288, avg_reader_cost: 0.00465 s, avg_batch_cost: 0.40973 s, avg_samples: 8.0, ips: 19.52518 samples/s, eta: 0:16:25, max_mem_reserved: 1791 MB, max_mem_allocated: 1686 MB
[2026/10/04 19:48:29] ppocr INFO: epoch: [5/5], global_step: 15200, lr: 0.000014, acc: 0.937499, norm_edit_dis: 0.996094, CTCLoss: 0.279317, NRTRLoss: 0.853001, loss: 1.131970, avg_reader_cost: 0.00493 s, avg_batch_cost: 0.41395 s, avg_samples: 8.0, ips: 19.32615 samples/s, eta: 0:16:09, max_mem_reserved: 1791 MB, max_mem_allocated: 1686 MB
[2026/10/04 19:48:50] ppocr INFO: epoch: [5/5], global_step: 15250, lr: 0.000014, acc: 0.937499, norm_edit_dis: 0.994318, CTCLoss: 0.241690, NRTRLoss: 0.852575, loss: 1.093911, avg_reader_cost: 0.00489 s, avg_batch_cost: 0.42604 s, avg_samples: 8.0, ips: 18.77765 samples/s, eta: 0:15:53, max_mem_reserved: 1791 MB, max_mem_allocated: 1686 MB
[2026/10/04 19:49:11] ppocr INFO: epoch: [5/5], global_step: 15300, lr: 0.000014, acc: 0.999999, norm_edit_dis: 1.000000, CTCLoss: 0.081459, NRTRLoss: 0.850916, loss: 0.932375, avg_reader_cost: 0.00499 s, avg_batch_cost: 0.41132 s, avg_samples: 8.0, ips: 19.44944 samples/s, eta: 0:15:37, max_mem_reserved: 1791 MB, max_mem_allocated: 1686 MB
[2026/10/04 19:49:32] ppocr INFO: epoch: [5/5], global_step: 15350, lr: 0.000014, acc: 0.999999, norm_edit_dis: 1.000000, CTCLoss: 0.150277, NRTRLoss: 0.850815, loss: 1.001359, avg_reader_cost: 0.00494 s, avg_batch_cost: 0.42466 s, avg_samples: 8.0, ips: 18.83858 samples/s, eta: 0:15:21, max_mem_reserved: 1791 MB, max_mem_allocated: 1686 MB
[2026/10/04 19:49:53] ppocr INFO: epoch: [5/5], global_step: 15400, lr: 0.000014, acc: 0.999999, norm_edit_dis: 1.000000, CTCLoss: 0.096180, NRTRLoss: 0.850569, loss: 0.946484, avg_reader_cost: 0.00494 s, avg_batch_cost: 0.42127 s, avg_samples: 8.0, ips: 18.99022 samples/s, eta: 0:15:04, max_mem_reserved: 1791 MB, max_mem_allocated: 1686 MB
[2026/10/04 19:50:16] ppocr INFO: epoch: [5/5], global_step: 15450, lr: 0.000013, acc: 0.874999, norm_edit_dis: 0.991629, CTCLoss: 0.253664, NRTRLoss: 0.850561, loss: 1.108467, avg_reader_cost: 0.00598 s, avg_batch_cost: 0.44755 s, avg_samples: 8.0, ips: 17.87523 samples/s, eta: 0:14:49, max_mem_reserved: 1791 MB, max_mem_allocated: 1686 MB
[2026/10/04 19:50:37] ppocr INFO: epoch: [5/5], global_step: 15500, lr: 0.000013, acc: 0.999999, norm_edit_dis: 1.000000, CTCLoss: 0.069781, NRTRLoss: 0.850657, loss: 0.918948, avg_reader_cost: 0.00510 s, avg_batch_cost: 0.42201 s, avg_samples: 8.0, ips: 18.95689 samples/s, eta: 0:14:32, max_mem_reserved: 1791 MB, max_mem_allocated: 1686 MB
[2026/10/04 19:51:58] ppocr INFO: cur metric, acc: 0.9461009158812239, norm_edit_dis: 0.969956572257785, fps: 76.79095389882882
[2026/10/04 19:52:01] ppocr INFO: save best model is to D:/HocTap/Projects/NCKH-Medicare/dataset/processed/vaipe-ocr-crops/paddleocr/fine-tune/model\best_accuracy
[2026/10/04 19:52:01] ppocr INFO: best metric, acc: 0.9461009158812239, is_float16: False, norm_edit_dis: 0.969956572257785, fps: 76.79095389882882, best_epoch: 5
[2026/10/04 19:52:21] ppocr INFO: epoch: [5/5], global_step: 15550, lr: 0.000013, acc: 0.937499, norm_edit_dis: 0.996324, CTCLoss: 0.202728, NRTRLoss: 0.850885, loss: 1.053564, avg_reader_cost: 0.00490 s, avg_batch_cost: 0.39640 s, avg_samples: 8.0, ips: 20.18168 samples/s, eta: 0:14:16, max_mem_reserved: 1791 MB, max_mem_allocated: 1686 MB
[2026/10/04 19:52:34] ppocr INFO: epoch: [5/5], global_step: 15600, lr: 0.000013, acc: 0.999999, norm_edit_dis: 1.000000, CTCLoss: 0.107675, NRTRLoss: 0.850760, loss: 0.961499, avg_reader_cost: 0.00313 s, avg_batch_cost: 0.25190 s, avg_samples: 8.0, ips: 31.75919 samples/s, eta: 0:13:58, max_mem_reserved: 1791 MB, max_mem_allocated: 1686 MB
[2026/10/04 19:52:52] ppocr INFO: epoch: [5/5], global_step: 15650, lr: 0.000013, acc: 0.999999, norm_edit_dis: 1.000000, CTCLoss: 0.086112, NRTRLoss: 0.850477, loss: 0.936962, avg_reader_cost: 0.00435 s, avg_batch_cost: 0.36331 s, avg_samples: 8.0, ips: 22.01972 samples/s, eta: 0:13:42, max_mem_reserved: 1791 MB, max_mem_allocated: 1686 MB
[2026/10/04 19:53:12] ppocr INFO: epoch: [5/5], global_step: 15700, lr: 0.000012, acc: 0.999999, norm_edit_dis: 1.000000, CTCLoss: 0.168631, NRTRLoss: 0.851504, loss: 1.019683, avg_reader_cost: 0.00504 s, avg_batch_cost: 0.41323 s, avg_samples: 8.0, ips: 19.35950 samples/s, eta: 0:13:25, max_mem_reserved: 1791 MB, max_mem_allocated: 1686 MB
[2026/10/04 19:53:33] ppocr INFO: epoch: [5/5], global_step: 15750, lr: 0.000012, acc: 0.999999, norm_edit_dis: 1.000000, CTCLoss: 0.147086, NRTRLoss: 0.851118, loss: 0.998022, avg_reader_cost: 0.00483 s, avg_batch_cost: 0.40750 s, avg_samples: 8.0, ips: 19.63212 samples/s, eta: 0:13:09, max_mem_reserved: 1791 MB, max_mem_allocated: 1686 MB
[2026/10/04 19:53:54] ppocr INFO: epoch: [5/5], global_step: 15800, lr: 0.000012, acc: 0.937499, norm_edit_dis: 0.995192, CTCLoss: 0.296208, NRTRLoss: 0.850822, loss: 1.146710, avg_reader_cost: 0.00472 s, avg_batch_cost: 0.41459 s, avg_samples: 8.0, ips: 19.29625 samples/s, eta: 0:12:53, max_mem_reserved: 1791 MB, max_mem_allocated: 1686 MB
[2026/10/04 19:54:15] ppocr INFO: epoch: [5/5], global_step: 15850, lr: 0.000012, acc: 0.874999, norm_edit_dis: 0.981158, CTCLoss: 1.066798, NRTRLoss: 0.854046, loss: 1.921364, avg_reader_cost: 0.00511 s, avg_batch_cost: 0.42350 s, avg_samples: 8.0, ips: 18.89030 samples/s, eta: 0:12:36, max_mem_reserved: 1791 MB, max_mem_allocated: 1686 MB
[2026/10/04 19:54:36] ppocr INFO: epoch: [5/5], global_step: 15900, lr: 0.000012, acc: 0.999999, norm_edit_dis: 1.000000, CTCLoss: 0.133902, NRTRLoss: 0.850973, loss: 0.984289, avg_reader_cost: 0.00497 s, avg_batch_cost: 0.42032 s, avg_samples: 8.0, ips: 19.03316 samples/s, eta: 0:12:20, max_mem_reserved: 1791 MB, max_mem_allocated: 1686 MB
[2026/10/04 19:54:57] ppocr INFO: epoch: [5/5], global_step: 15950, lr: 0.000012, acc: 0.999999, norm_edit_dis: 1.000000, CTCLoss: 0.066595, NRTRLoss: 0.850079, loss: 0.916272, avg_reader_cost: 0.00507 s, avg_batch_cost: 0.41347 s, avg_samples: 8.0, ips: 19.34853 samples/s, eta: 0:12:04, max_mem_reserved: 1791 MB, max_mem_allocated: 1686 MB
[2026/10/04 19:55:15] ppocr INFO: epoch: [5/5], global_step: 16000, lr: 0.000011, acc: 0.999999, norm_edit_dis: 1.000000, CTCLoss: 0.074293, NRTRLoss: 0.850960, loss: 0.924567, avg_reader_cost: 0.00493 s, avg_batch_cost: 0.37224 s, avg_samples: 8.0, ips: 21.49177 samples/s, eta: 0:11:47, max_mem_reserved: 1791 MB, max_mem_allocated: 1686 MB
[2026/10/04 19:56:35] ppocr INFO: cur metric, acc: 0.9457732618843819, norm_edit_dis: 0.9701483560073957, fps: 79.06382035000227
[2026/10/04 19:56:35] ppocr INFO: best metric, acc: 0.9461009158812239, is_float16: False, norm_edit_dis: 0.969956572257785, fps: 76.79095389882882, best_epoch: 5
[2026/10/04 19:56:55] ppocr INFO: epoch: [5/5], global_step: 16050, lr: 0.000011, acc: 0.999999, norm_edit_dis: 1.000000, CTCLoss: 0.098198, NRTRLoss: 0.850140, loss: 0.949791, avg_reader_cost: 0.00485 s, avg_batch_cost: 0.41148 s, avg_samples: 8.0, ips: 19.44215 samples/s, eta: 0:11:30, max_mem_reserved: 1791 MB, max_mem_allocated: 1686 MB
[2026/10/04 19:57:16] ppocr INFO: epoch: [5/5], global_step: 16100, lr: 0.000011, acc: 0.999999, norm_edit_dis: 1.000000, CTCLoss: 0.112392, NRTRLoss: 0.852743, loss: 0.966866, avg_reader_cost: 0.00471 s, avg_batch_cost: 0.40756 s, avg_samples: 8.0, ips: 19.62915 samples/s, eta: 0:11:14, max_mem_reserved: 1791 MB, max_mem_allocated: 1686 MB
[2026/10/04 19:57:37] ppocr INFO: epoch: [5/5], global_step: 16150, lr: 0.000011, acc: 0.999999, norm_edit_dis: 1.000000, CTCLoss: 0.158728, NRTRLoss: 0.850898, loss: 1.009340, avg_reader_cost: 0.00495 s, avg_batch_cost: 0.42502 s, avg_samples: 8.0, ips: 18.82251 samples/s, eta: 0:10:57, max_mem_reserved: 1791 MB, max_mem_allocated: 1686 MB
[2026/10/04 19:57:58] ppocr INFO: epoch: [5/5], global_step: 16200, lr: 0.000011, acc: 0.874999, norm_edit_dis: 0.975260, CTCLoss: 0.239098, NRTRLoss: 0.857269, loss: 1.094828, avg_reader_cost: 0.00494 s, avg_batch_cost: 0.41534 s, avg_samples: 8.0, ips: 19.26156 samples/s, eta: 0:10:41, max_mem_reserved: 1791 MB, max_mem_allocated: 1686 MB
[2026/10/04 19:58:19] ppocr INFO: epoch: [5/5], global_step: 16250, lr: 0.000010, acc: 0.999999, norm_edit_dis: 1.000000, CTCLoss: 0.101555, NRTRLoss: 0.851158, loss: 0.953365, avg_reader_cost: 0.00486 s, avg_batch_cost: 0.42176 s, avg_samples: 8.0, ips: 18.96803 samples/s, eta: 0:10:24, max_mem_reserved: 1791 MB, max_mem_allocated: 1686 MB
[2026/10/04 19:58:40] ppocr INFO: epoch: [5/5], global_step: 16300, lr: 0.000010, acc: 0.874999, norm_edit_dis: 0.970486, CTCLoss: 0.705081, NRTRLoss: 0.855410, loss: 1.560492, avg_reader_cost: 0.00485 s, avg_batch_cost: 0.41433 s, avg_samples: 8.0, ips: 19.30826 samples/s, eta: 0:10:08, max_mem_reserved: 1791 MB, max_mem_allocated: 1686 MB
[2026/10/04 19:59:01] ppocr INFO: epoch: [5/5], global_step: 16350, lr: 0.000010, acc: 0.999999, norm_edit_dis: 1.000000, CTCLoss: 0.089599, NRTRLoss: 0.850997, loss: 0.939137, avg_reader_cost: 0.00486 s, avg_batch_cost: 0.42737 s, avg_samples: 8.0, ips: 18.71896 samples/s, eta: 0:09:51, max_mem_reserved: 1791 MB, max_mem_allocated: 1686 MB
[2026/10/04 19:59:22] ppocr INFO: epoch: [5/5], global_step: 16400, lr: 0.000010, acc: 0.999999, norm_edit_dis: 1.000000, CTCLoss: 0.144789, NRTRLoss: 0.850117, loss: 0.994960, avg_reader_cost: 0.00504 s, avg_batch_cost: 0.42673 s, avg_samples: 8.0, ips: 18.74713 samples/s, eta: 0:09:34, max_mem_reserved: 1791 MB, max_mem_allocated: 1686 MB
[2026/10/04 19:59:43] ppocr INFO: epoch: [5/5], global_step: 16450, lr: 0.000010, acc: 0.999999, norm_edit_dis: 1.000000, CTCLoss: 0.143496, NRTRLoss: 0.850883, loss: 0.995454, avg_reader_cost: 0.00475 s, avg_batch_cost: 0.42177 s, avg_samples: 8.0, ips: 18.96758 samples/s, eta: 0:09:18, max_mem_reserved: 1791 MB, max_mem_allocated: 1686 MB
[2026/10/04 20:00:04] ppocr INFO: epoch: [5/5], global_step: 16500, lr: 0.000010, acc: 0.999999, norm_edit_dis: 1.000000, CTCLoss: 0.088615, NRTRLoss: 0.850459, loss: 0.940349, avg_reader_cost: 0.00477 s, avg_batch_cost: 0.41799 s, avg_samples: 8.0, ips: 19.13908 samples/s, eta: 0:09:01, max_mem_reserved: 1791 MB, max_mem_allocated: 1686 MB
[2026/10/04 20:01:22] ppocr INFO: cur metric, acc: 0.9467562238749079, norm_edit_dis: 0.9696068684190312, fps: 80.70579795606152
[2026/10/04 20:01:25] ppocr INFO: save best model is to D:/HocTap/Projects/NCKH-Medicare/dataset/processed/vaipe-ocr-crops/paddleocr/fine-tune/model\best_accuracy
[2026/10/04 20:01:25] ppocr INFO: best metric, acc: 0.9467562238749079, is_float16: False, norm_edit_dis: 0.9696068684190312, fps: 80.70579795606152, best_epoch: 5
[2026/10/04 20:01:45] ppocr INFO: epoch: [5/5], global_step: 16550, lr: 0.000009, acc: 0.999999, norm_edit_dis: 1.000000, CTCLoss: 0.090374, NRTRLoss: 0.850302, loss: 0.941463, avg_reader_cost: 0.00488 s, avg_batch_cost: 0.39720 s, avg_samples: 8.0, ips: 20.14122 samples/s, eta: 0:08:44, max_mem_reserved: 1791 MB, max_mem_allocated: 1686 MB
[2026/10/04 20:02:05] ppocr INFO: epoch: [5/5], global_step: 16600, lr: 0.000009, acc: 0.937499, norm_edit_dis: 0.995192, CTCLoss: 0.238767, NRTRLoss: 0.852297, loss: 1.089205, avg_reader_cost: 0.00476 s, avg_batch_cost: 0.40778 s, avg_samples: 8.0, ips: 19.61823 samples/s, eta: 0:08:28, max_mem_reserved: 1791 MB, max_mem_allocated: 1686 MB
[2026/10/04 20:02:26] ppocr INFO: epoch: [5/5], global_step: 16650, lr: 0.000009, acc: 0.999999, norm_edit_dis: 1.000000, CTCLoss: 0.076473, NRTRLoss: 0.850566, loss: 0.926567, avg_reader_cost: 0.00501 s, avg_batch_cost: 0.41775 s, avg_samples: 8.0, ips: 19.15041 samples/s, eta: 0:08:11, max_mem_reserved: 1791 MB, max_mem_allocated: 1686 MB
[2026/10/04 20:02:42] ppocr INFO: epoch: [5/5], global_step: 16700, lr: 0.000009, acc: 0.999999, norm_edit_dis: 1.000000, CTCLoss: 0.196210, NRTRLoss: 0.850959, loss: 1.049990, avg_reader_cost: 0.00379 s, avg_batch_cost: 0.32297 s, avg_samples: 8.0, ips: 24.77029 samples/s, eta: 0:07:54, max_mem_reserved: 1791 MB, max_mem_allocated: 1686 MB
[2026/10/04 20:02:55] ppocr INFO: epoch: [5/5], global_step: 16750, lr: 0.000009, acc: 0.999999, norm_edit_dis: 1.000000, CTCLoss: 0.089457, NRTRLoss: 0.850748, loss: 0.943088, avg_reader_cost: 0.00336 s, avg_batch_cost: 0.24983 s, avg_samples: 8.0, ips: 32.02158 samples/s, eta: 0:07:36, max_mem_reserved: 1791 MB, max_mem_allocated: 1686 MB
[2026/10/04 20:03:10] ppocr INFO: epoch: [5/5], global_step: 16800, lr: 0.000009, acc: 0.999999, norm_edit_dis: 1.000000, CTCLoss: 0.067629, NRTRLoss: 0.850213, loss: 0.921039, avg_reader_cost: 0.00409 s, avg_batch_cost: 0.31514 s, avg_samples: 8.0, ips: 25.38568 samples/s, eta: 0:07:19, max_mem_reserved: 1791 MB, max_mem_allocated: 1686 MB
[2026/10/04 20:03:27] ppocr INFO: epoch: [5/5], global_step: 16850, lr: 0.000008, acc: 0.874999, norm_edit_dis: 0.986478, CTCLoss: 0.394168, NRTRLoss: 0.852636, loss: 1.246070, avg_reader_cost: 0.00478 s, avg_batch_cost: 0.32710 s, avg_samples: 8.0, ips: 24.45713 samples/s, eta: 0:07:02, max_mem_reserved: 1791 MB, max_mem_allocated: 1686 MB
[2026/10/04 20:03:40] ppocr INFO: epoch: [5/5], global_step: 16900, lr: 0.000008, acc: 0.999999, norm_edit_dis: 1.000000, CTCLoss: 0.085322, NRTRLoss: 0.850350, loss: 0.935871, avg_reader_cost: 0.00357 s, avg_batch_cost: 0.26607 s, avg_samples: 8.0, ips: 30.06754 samples/s, eta: 0:06:44, max_mem_reserved: 1791 MB, max_mem_allocated: 1686 MB
[2026/10/04 20:03:52] ppocr INFO: epoch: [5/5], global_step: 16950, lr: 0.000008, acc: 0.999999, norm_edit_dis: 1.000000, CTCLoss: 0.087672, NRTRLoss: 0.850476, loss: 0.937248, avg_reader_cost: 0.00300 s, avg_batch_cost: 0.23595 s, avg_samples: 8.0, ips: 33.90521 samples/s, eta: 0:06:27, max_mem_reserved: 1791 MB, max_mem_allocated: 1686 MB
[2026/10/04 20:04:04] ppocr INFO: epoch: [5/5], global_step: 17000, lr: 0.000008, acc: 0.999999, norm_edit_dis: 1.000000, CTCLoss: 0.185956, NRTRLoss: 0.850592, loss: 1.036418, avg_reader_cost: 0.00319 s, avg_batch_cost: 0.24531 s, avg_samples: 8.0, ips: 32.61123 samples/s, eta: 0:06:10, max_mem_reserved: 1791 MB, max_mem_allocated: 1686 MB
[2026/10/04 20:04:40] ppocr INFO: cur metric, acc: 0.9459370888828029, norm_edit_dis: 0.9685709667781596, fps: 177.18774123952798
[2026/10/04 20:04:40] ppocr INFO: best metric, acc: 0.9467562238749079, is_float16: False, norm_edit_dis: 0.9696068684190312, fps: 80.70579795606152, best_epoch: 5
[2026/10/04 20:04:51] ppocr INFO: epoch: [5/5], global_step: 17050, lr: 0.000008, acc: 0.999999, norm_edit_dis: 1.000000, CTCLoss: 0.104924, NRTRLoss: 0.850866, loss: 0.955353, avg_reader_cost: 0.00298 s, avg_batch_cost: 0.23017 s, avg_samples: 8.0, ips: 34.75619 samples/s, eta: 0:05:52, max_mem_reserved: 1791 MB, max_mem_allocated: 1686 MB
[2026/10/04 20:05:03] ppocr INFO: epoch: [5/5], global_step: 17100, lr: 0.000008, acc: 0.937499, norm_edit_dis: 0.996094, CTCLoss: 0.305886, NRTRLoss: 0.851038, loss: 1.156797, avg_reader_cost: 0.00280 s, avg_batch_cost: 0.22736 s, avg_samples: 8.0, ips: 35.18572 samples/s, eta: 0:05:35, max_mem_reserved: 1791 MB, max_mem_allocated: 1686 MB
[2026/10/04 20:05:14] ppocr INFO: epoch: [5/5], global_step: 17150, lr: 0.000007, acc: 0.999999, norm_edit_dis: 1.000000, CTCLoss: 0.176279, NRTRLoss: 0.852598, loss: 1.027255, avg_reader_cost: 0.00264 s, avg_batch_cost: 0.22770 s, avg_samples: 8.0, ips: 35.13455 samples/s, eta: 0:05:18, max_mem_reserved: 1791 MB, max_mem_allocated: 1686 MB
[2026/10/04 20:05:28] ppocr INFO: epoch: [5/5], global_step: 17200, lr: 0.000007, acc: 0.937499, norm_edit_dis: 0.996324, CTCLoss: 0.370140, NRTRLoss: 0.852338, loss: 1.221342, avg_reader_cost: 0.00359 s, avg_batch_cost: 0.28280 s, avg_samples: 8.0, ips: 28.28876 samples/s, eta: 0:05:00, max_mem_reserved: 1791 MB, max_mem_allocated: 1686 MB
[2026/10/04 20:05:50] ppocr INFO: epoch: [5/5], global_step: 17250, lr: 0.000007, acc: 0.999999, norm_edit_dis: 1.000000, CTCLoss: 0.041661, NRTRLoss: 0.849606, loss: 0.891243, avg_reader_cost: 0.00530 s, avg_batch_cost: 0.43483 s, avg_samples: 8.0, ips: 18.39807 samples/s, eta: 0:04:44, max_mem_reserved: 1791 MB, max_mem_allocated: 1686 MB
[2026/10/04 20:06:12] ppocr INFO: epoch: [5/5], global_step: 17300, lr: 0.000007, acc: 0.874999, norm_edit_dis: 0.982392, CTCLoss: 0.476871, NRTRLoss: 0.851382, loss: 1.327552, avg_reader_cost: 0.00520 s, avg_batch_cost: 0.43189 s, avg_samples: 8.0, ips: 18.52332 samples/s, eta: 0:04:27, max_mem_reserved: 1791 MB, max_mem_allocated: 1686 MB
[2026/10/04 20:06:32] ppocr INFO: epoch: [5/5], global_step: 17350, lr: 0.000007, acc: 0.874999, norm_edit_dis: 0.983036, CTCLoss: 0.478496, NRTRLoss: 0.858420, loss: 1.334809, avg_reader_cost: 0.00487 s, avg_batch_cost: 0.41605 s, avg_samples: 8.0, ips: 19.22856 samples/s, eta: 0:04:10, max_mem_reserved: 1791 MB, max_mem_allocated: 1686 MB
[2026/10/04 20:06:54] ppocr INFO: epoch: [5/5], global_step: 17400, lr: 0.000007, acc: 0.999999, norm_edit_dis: 1.000000, CTCLoss: 0.080023, NRTRLoss: 0.850265, loss: 0.930350, avg_reader_cost: 0.00520 s, avg_batch_cost: 0.42529 s, avg_samples: 8.0, ips: 18.81079 samples/s, eta: 0:03:53, max_mem_reserved: 1791 MB, max_mem_allocated: 1686 MB
[2026/10/04 20:07:14] ppocr INFO: epoch: [5/5], global_step: 17450, lr: 0.000007, acc: 0.937499, norm_edit_dis: 0.979322, CTCLoss: 0.510971, NRTRLoss: 0.851370, loss: 1.362020, avg_reader_cost: 0.00467 s, avg_batch_cost: 0.41030 s, avg_samples: 8.0, ips: 19.49810 samples/s, eta: 0:03:36, max_mem_reserved: 1791 MB, max_mem_allocated: 1686 MB
[2026/10/04 20:07:34] ppocr INFO: epoch: [5/5], global_step: 17500, lr: 0.000006, acc: 0.999999, norm_edit_dis: 1.000000, CTCLoss: 0.087606, NRTRLoss: 0.850321, loss: 0.938018, avg_reader_cost: 0.00472 s, avg_batch_cost: 0.40514 s, avg_samples: 8.0, ips: 19.74649 samples/s, eta: 0:03:19, max_mem_reserved: 1791 MB, max_mem_allocated: 1686 MB
[2026/10/04 20:08:55] ppocr INFO: cur metric, acc: 0.9470838778717499, norm_edit_dis: 0.9701961700135784, fps: 77.93282091983421
[2026/10/04 20:08:57] ppocr INFO: save best model is to D:/HocTap/Projects/NCKH-Medicare/dataset/processed/vaipe-ocr-crops/paddleocr/fine-tune/model\best_accuracy
[2026/10/04 20:08:57] ppocr INFO: best metric, acc: 0.9470838778717499, is_float16: False, norm_edit_dis: 0.9701961700135784, fps: 77.93282091983421, best_epoch: 5
[2026/10/04 20:09:17] ppocr INFO: epoch: [5/5], global_step: 17550, lr: 0.000006, acc: 0.999999, norm_edit_dis: 1.000000, CTCLoss: 0.089829, NRTRLoss: 0.850071, loss: 0.939916, avg_reader_cost: 0.00452 s, avg_batch_cost: 0.38764 s, avg_samples: 8.0, ips: 20.63773 samples/s, eta: 0:03:02, max_mem_reserved: 1791 MB, max_mem_allocated: 1686 MB
[2026/10/04 20:09:34] ppocr INFO: epoch: [5/5], global_step: 17600, lr: 0.000006, acc: 0.999999, norm_edit_dis: 1.000000, CTCLoss: 0.148076, NRTRLoss: 0.855149, loss: 1.003224, avg_reader_cost: 0.00416 s, avg_batch_cost: 0.34071 s, avg_samples: 8.0, ips: 23.48068 samples/s, eta: 0:02:45, max_mem_reserved: 1791 MB, max_mem_allocated: 1686 MB
[2026/10/04 20:09:51] ppocr INFO: epoch: [5/5], global_step: 17650, lr: 0.000006, acc: 0.874999, norm_edit_dis: 0.928572, CTCLoss: 1.555322, NRTRLoss: 0.895072, loss: 2.448490, avg_reader_cost: 0.00403 s, avg_batch_cost: 0.34340 s, avg_samples: 8.0, ips: 23.29668 samples/s, eta: 0:02:28, max_mem_reserved: 1791 MB, max_mem_allocated: 1686 MB
[2026/10/04 20:10:09] ppocr INFO: epoch: [5/5], global_step: 17700, lr: 0.000006, acc: 0.937499, norm_edit_dis: 0.996094, CTCLoss: 0.324291, NRTRLoss: 0.852529, loss: 1.174939, avg_reader_cost: 0.00435 s, avg_batch_cost: 0.35637 s, avg_samples: 8.0, ips: 22.44885 samples/s, eta: 0:02:11, max_mem_reserved: 1791 MB, max_mem_allocated: 1686 MB
[2026/10/04 20:10:27] ppocr INFO: epoch: [5/5], global_step: 17750, lr: 0.000006, acc: 0.999999, norm_edit_dis: 1.000000, CTCLoss: 0.115587, NRTRLoss: 0.851689, loss: 0.966781, avg_reader_cost: 0.00415 s, avg_batch_cost: 0.36625 s, avg_samples: 8.0, ips: 21.84316 samples/s, eta: 0:01:54, max_mem_reserved: 1791 MB, max_mem_allocated: 1686 MB
[2026/10/04 20:10:45] ppocr INFO: epoch: [5/5], global_step: 17800, lr: 0.000006, acc: 0.937499, norm_edit_dis: 0.968750, CTCLoss: 0.288434, NRTRLoss: 0.852822, loss: 1.149929, avg_reader_cost: 0.00411 s, avg_batch_cost: 0.36375 s, avg_samples: 8.0, ips: 21.99294 samples/s, eta: 0:01:37, max_mem_reserved: 1791 MB, max_mem_allocated: 1686 MB
[2026/10/04 20:11:03] ppocr INFO: epoch: [5/5], global_step: 17850, lr: 0.000005, acc: 0.874999, norm_edit_dis: 0.970833, CTCLoss: 0.791037, NRTRLoss: 0.858815, loss: 1.661443, avg_reader_cost: 0.00406 s, avg_batch_cost: 0.35359 s, avg_samples: 8.0, ips: 22.62483 samples/s, eta: 0:01:20, max_mem_reserved: 1791 MB, max_mem_allocated: 1686 MB
[2026/10/04 20:11:20] ppocr INFO: epoch: [5/5], global_step: 17900, lr: 0.000005, acc: 0.999999, norm_edit_dis: 1.000000, CTCLoss: 0.085711, NRTRLoss: 0.850100, loss: 0.935844, avg_reader_cost: 0.00398 s, avg_batch_cost: 0.34700 s, avg_samples: 8.0, ips: 23.05453 samples/s, eta: 0:01:03, max_mem_reserved: 1791 MB, max_mem_allocated: 1686 MB
[2026/10/04 20:11:39] ppocr INFO: epoch: [5/5], global_step: 17950, lr: 0.000005, acc: 0.999999, norm_edit_dis: 1.000000, CTCLoss: 0.086851, NRTRLoss: 0.849808, loss: 0.936724, avg_reader_cost: 0.00438 s, avg_batch_cost: 0.37314 s, avg_samples: 8.0, ips: 21.43944 samples/s, eta: 0:00:46, max_mem_reserved: 1791 MB, max_mem_allocated: 1686 MB
[2026/10/04 20:11:57] ppocr INFO: epoch: [5/5], global_step: 18000, lr: 0.000005, acc: 0.999999, norm_edit_dis: 1.000000, CTCLoss: 0.095279, NRTRLoss: 0.850669, loss: 0.945598, avg_reader_cost: 0.00435 s, avg_batch_cost: 0.36137 s, avg_samples: 8.0, ips: 22.13787 samples/s, eta: 0:00:29, max_mem_reserved: 1791 MB, max_mem_allocated: 1686 MB
[2026/10/04 20:12:59] ppocr INFO: cur metric, acc: 0.9485583208575389, norm_edit_dis: 0.9705732901098616, fps: 101.85589111972766
